id,gender,smoking,age,sum_assured
1_Life,male,smoker,32,478000
2_Life,female,nonsmoker,44,63400
3_Life,female,nonsmoker,36,750000
4_Life,female,smoker,36,222000
5_Life,male,smoker,57,373000
6_Life,male,nonsmoker,44,362000
7_Life,male,nonsmoker,44,353000
8_Life,male,smoker,31,268000
9_Life,male,nonsmoker,27,254000
10_Life,female,nonsmoker,37,589000
11_Life,female,nonsmoker,30,561000
12_Life,male,smoker,59,179000
13_Life,female,nonsmoker,28,168000
14_Life,female,nonsmoker,32,76000
15_Life,female,nonsmoker,53,76600
16_Life,female,nonsmoker,26,562000
17_Life,female,nonsmoker,26,381000
18_Life,male,nonsmoker,26,581000
19_Life,female,nonsmoker,31,860000
20_Life,male,nonsmoker,43,740000
21_Life,female,nonsmoker,40,291000
22_Life,female,nonsmoker,37,81000
23_Life,female,nonsmoker,31,358000
24_Life,male,nonsmoker,31,558000
25_Life,female,nonsmoker,31,557000
26_Life,male,nonsmoker,26,370000
27_Life,female,nonsmoker,22,409000
28_Life,male,nonsmoker,23,618000
29_Life,male,nonsmoker,25,776000
30_Life,male,nonsmoker,34,375000
31_Life,male,nonsmoker,30,375000
32_Life,male,nonsmoker,27,642839
33_Life,male,nonsmoker,28,464000
34_Life,male,nonsmoker,42,472000
35_Life,male,nonsmoker,32,482000
36_Life,female,nonsmoker,43,327000
37_Life,male,nonsmoker,44,312000
38_Life,male,smoker,57,255000
39_Life,female,nonsmoker,34,942630
40_Life,male,nonsmoker,36,472000
41_Life,female,nonsmoker,26,739000
42_Life,male,nonsmoker,24,462000
43_Life,male,nonsmoker,23,485000
44_Life,male,nonsmoker,25,485000
45_Life,female,nonsmoker,29,465000
46_Life,female,smoker,52,257000
47_Life,male,nonsmoker,46,260000
48_Life,male,nonsmoker,34,568000
49_Life,female,nonsmoker,34,584000
50_Life,male,nonsmoker,28,68000
51_Life,male,nonsmoker,26,574000
52_Life,male,nonsmoker,29,75000
53_Life,male,nonsmoker,24,226000
54_Life,female,nonsmoker,40,240000
55_Life,male,smoker,35,479000
56_Life,male,nonsmoker,32,451000
57_Life,male,smoker,29,461000
58_Life,female,nonsmoker,38,667000
59_Life,male,nonsmoker,34,774000
60_Life,male,nonsmoker,38,166000
61_Life,male,smoker,24,680000
62_Life,female,nonsmoker,48,590000
63_Life,female,nonsmoker,39,530000
64_Life,female,nonsmoker,46,156000
65_Life,male,nonsmoker,24,368000
66_Life,male,smoker,23,155000
67_Life,male,nonsmoker,31,272000
68_Life,female,nonsmoker,34,268000
69_Life,male,nonsmoker,31,125000
70_Life,male,smoker,32,271000
71_Life,male,smoker,44,400000
72_Life,female,nonsmoker,34,474000
73_Life,female,nonsmoker,39,372000
74_Life,female,smoker,27,356000
75_Life,female,smoker,42,479000
76_Life,male,nonsmoker,31,315000
77_Life,female,nonsmoker,27,459000
78_Life,male,nonsmoker,47,680000
79_Life,male,smoker,43,57300
80_Life,male,nonsmoker,39,266000
81_Life,male,nonsmoker,41,379000
82_Life,female,nonsmoker,33,358000
83_Life,male,nonsmoker,41,50000
84_Life,female,nonsmoker,41,451000
85_Life,female,nonsmoker,39,188
86_Life,female,nonsmoker,37,169
87_Life,male,nonsmoker,27,157000
88_Life,female,nonsmoker,30,162000
89_Life,male,nonsmoker,44,156000
90_Life,male,smoker,62,67000
91_Life,male,nonsmoker,28,438000
92_Life,female,nonsmoker,32,240000
93_Life,female,nonsmoker,56,177000
94_Life,male,smoker,52,226000
95_Life,female,nonsmoker,34,230000
96_Life,male,nonsmoker,28,223000
97_Life,male,nonsmoker,35,378000
98_Life,female,nonsmoker,32,209000
99_Life,male,nonsmoker,26,436000
100_Life,male,nonsmoker,32,256000
101_Life,female,nonsmoker,25,265000
102_Life,male,smoker,29,461000
103_Life,female,nonsmoker,44,238000
104_Life,male,nonsmoker,48,575000
105_Life,male,nonsmoker,39,609000
106_Life,male,nonsmoker,40,152000
107_Life,male,nonsmoker,43,390000
108_Life,female,nonsmoker,32,333820
109_Life,female,nonsmoker,57,1290000
110_Life,male,nonsmoker,49,331000
111_Life,male,nonsmoker,27,276000
112_Life,female,nonsmoker,31,275000
113_Life,female,nonsmoker,36,225000
114_Life,female,nonsmoker,43,1270000
115_Life,male,nonsmoker,25,260000
116_Life,male,nonsmoker,28,232000
117_Life,male,nonsmoker,25,133000
118_Life,female,nonsmoker,41,135000
119_Life,male,nonsmoker,39,435000
120_Life,female,nonsmoker,30,212000
121_Life,male,nonsmoker,25,234000
122_Life,female,nonsmoker,34,551000
123_Life,female,nonsmoker,32,815699
124_Life,female,smoker,15,332000
125_Life,male,nonsmoker,26,350000
126_Life,male,nonsmoker,34,660000
127_Life,male,nonsmoker,42,450000
128_Life,male,nonsmoker,23,327000
129_Life,male,nonsmoker,26,306000
130_Life,female,nonsmoker,31,279000
131_Life,male,nonsmoker,31,288000
132_Life,male,nonsmoker,42,784569
133_Life,female,nonsmoker,41,480214
134_Life,male,nonsmoker,26,475000
135_Life,male,nonsmoker,28,466000
136_Life,female,nonsmoker,35,450000
137_Life,male,nonsmoker,26,561200
138_Life,male,smoker,25,591200
139_Life,female,nonsmoker,43,596000
140_Life,female,nonsmoker,39,604000
141_Life,male,nonsmoker,29,466000
142_Life,female,nonsmoker,28,450000
143_Life,male,nonsmoker,42,185000
144_Life,male,nonsmoker,34,170000
145_Life,female,nonsmoker,47,414000
146_Life,male,nonsmoker,54,293000
147_Life,female,nonsmoker,44,410000
148_Life,male,nonsmoker,42,420000
149_Life,male,nonsmoker,44,564000
150_Life,male,nonsmoker,26,348000
151_Life,female,nonsmoker,26,350000
152_Life,male,smoker,32,628000
153_Life,female,nonsmoker,30,488000
154_Life,female,nonsmoker,32,481000
155_Life,male,nonsmoker,35,337000
156_Life,female,nonsmoker,24,384000
157_Life,male,nonsmoker,46,265000
158_Life,female,nonsmoker,25,500500
159_Life,male,nonsmoker,24,132000
160_Life,female,smoker,33,463000
161_Life,female,nonsmoker,37,265000
162_Life,male,nonsmoker,30,260000
163_Life,female,nonsmoker,31,264000
164_Life,female,nonsmoker,36,256000
165_Life,male,nonsmoker,25,453000
166_Life,female,smoker,46,53000
167_Life,male,nonsmoker,30,383057
168_Life,female,nonsmoker,27,346000
169_Life,female,nonsmoker,32,423000
170_Life,female,nonsmoker,30,380000
171_Life,female,nonsmoker,31,570000
172_Life,male,nonsmoker,52,161000
173_Life,female,nonsmoker,32,472000
174_Life,male,nonsmoker,56,420000
175_Life,male,nonsmoker,58,222000
176_Life,female,nonsmoker,57,230000
177_Life,female,nonsmoker,24,587000
178_Life,female,nonsmoker,37,551000
179_Life,female,nonsmoker,42,552000
180_Life,male,nonsmoker,46,556000
181_Life,female,nonsmoker,46,269000
182_Life,female,nonsmoker,27,376000
183_Life,male,nonsmoker,28,199528
184_Life,male,nonsmoker,31,378000
185_Life,female,nonsmoker,30,366000
186_Life,male,nonsmoker,24,479000
187_Life,male,nonsmoker,25,455000
188_Life,female,smoker,28,336000
189_Life,female,nonsmoker,28,311000
190_Life,female,nonsmoker,40,660000
191_Life,female,nonsmoker,41,473000
192_Life,male,smoker,42,480000
193_Life,male,nonsmoker,32,46100
194_Life,female,nonsmoker,46,850000
195_Life,male,nonsmoker,46,481000
196_Life,male,nonsmoker,41,265000
197_Life,female,nonsmoker,38,433000
198_Life,female,nonsmoker,24,521000
199_Life,male,nonsmoker,27,533000
200_Life,male,nonsmoker,38,325000
201_Life,male,nonsmoker,51,321000
202_Life,female,nonsmoker,36,655000
203_Life,male,nonsmoker,28,557000
204_Life,female,nonsmoker,24,563000
205_Life,female,nonsmoker,47,76721.15
206_Life,male,nonsmoker,45,74947.07
207_Life,male,nonsmoker,35,473000
208_Life,female,nonsmoker,25,786406
209_Life,female,nonsmoker,19,759406
210_Life,male,nonsmoker,24,230000
211_Life,female,nonsmoker,20,227000
212_Life,female,nonsmoker,35,454000
213_Life,female,nonsmoker,28,719000
214_Life,male,nonsmoker,56,291000
215_Life,female,nonsmoker,46,475000
216_Life,female,nonsmoker,37,470000
217_Life,male,nonsmoker,42,226000
218_Life,female,nonsmoker,44,285000
219_Life,male,nonsmoker,27,471000
220_Life,female,smoker,40,254000
221_Life,male,smoker,40,473000
222_Life,male,nonsmoker,33,382000
223_Life,female,nonsmoker,46,468000
224_Life,female,nonsmoker,36,879000
225_Life,female,nonsmoker,36,887000
226_Life,male,nonsmoker,42,274000
227_Life,female,nonsmoker,29,363000
228_Life,female,nonsmoker,31,358000
229_Life,male,nonsmoker,33,171000
230_Life,female,nonsmoker,17,436000
231_Life,male,nonsmoker,26,462000
232_Life,female,nonsmoker,30,221000
233_Life,female,nonsmoker,26,459000
234_Life,male,nonsmoker,28,200000
235_Life,male,smoker,37,150000
236_Life,male,nonsmoker,24,469000
237_Life,male,nonsmoker,32,598000
238_Life,female,nonsmoker,32,604000
239_Life,male,nonsmoker,36,469000
240_Life,male,nonsmoker,33,151000
241_Life,female,smoker,24,482000
242_Life,male,nonsmoker,25,454000
243_Life,female,nonsmoker,35,80000
244_Life,male,nonsmoker,39,95000
245_Life,female,nonsmoker,55,305000
246_Life,male,nonsmoker,53,88000
247_Life,female,nonsmoker,33,319000
248_Life,male,nonsmoker,57,261000
249_Life,male,nonsmoker,56,56000
250_Life,male,nonsmoker,23,458000
251_Life,male,nonsmoker,33,579000
252_Life,male,nonsmoker,36,552000
253_Life,female,nonsmoker,34,670000
254_Life,female,smoker,34,500000
255_Life,female,nonsmoker,45,383000
256_Life,male,nonsmoker,38,240000
257_Life,female,nonsmoker,44,211000
258_Life,male,nonsmoker,42,237000
259_Life,male,nonsmoker,37,480000
260_Life,female,smoker,34,463000
261_Life,female,nonsmoker,28,473000
262_Life,male,nonsmoker,45,662000
263_Life,male,nonsmoker,30,486000
264_Life,female,nonsmoker,23,267000
265_Life,male,nonsmoker,35,483000
266_Life,female,nonsmoker,32,689000
267_Life,female,nonsmoker,32,358000
268_Life,female,nonsmoker,24,471000
269_Life,male,nonsmoker,24,456000
270_Life,male,nonsmoker,26,488000
271_Life,female,smoker,21,456000
272_Life,female,nonsmoker,22,452000
273_Life,male,nonsmoker,33,349000
274_Life,female,nonsmoker,36,313000
275_Life,female,nonsmoker,35,589000
276_Life,male,nonsmoker,34,328000
277_Life,male,nonsmoker,37,767000
278_Life,female,nonsmoker,35,357000
279_Life,male,nonsmoker,27,260700
280_Life,female,nonsmoker,31,254700
281_Life,female,nonsmoker,52,463000
282_Life,male,smoker,31,487000
283_Life,male,smoker,31,465000
284_Life,male,nonsmoker,36,264000
285_Life,male,nonsmoker,35,558000
286_Life,female,nonsmoker,57,822000
287_Life,male,nonsmoker,53,850000
288_Life,male,nonsmoker,41,1720000
289_Life,male,nonsmoker,41,1580000
290_Life,female,nonsmoker,34,559000
291_Life,male,nonsmoker,28,378000
292_Life,male,nonsmoker,21,890000
293_Life,male,nonsmoker,23,608665
294_Life,female,nonsmoker,30,252000
295_Life,male,nonsmoker,32,282000
296_Life,female,nonsmoker,28,261000
297_Life,female,nonsmoker,47,439000
298_Life,male,nonsmoker,42,408000
299_Life,female,nonsmoker,21,485000
300_Life,female,nonsmoker,32,485000
301_Life,male,nonsmoker,29,698020
302_Life,male,nonsmoker,32,948020
303_Life,male,nonsmoker,65,280000
304_Life,female,nonsmoker,49,183000
305_Life,female,smoker,24,386000
306_Life,male,nonsmoker,28,506000
307_Life,female,nonsmoker,26,520000
308_Life,female,nonsmoker,20,573000
309_Life,female,nonsmoker,35,463000
310_Life,male,nonsmoker,35,488000
311_Life,female,nonsmoker,37,180000
312_Life,female,nonsmoker,34,190000
313_Life,female,smoker,34,464000
314_Life,male,nonsmoker,32,482000
315_Life,female,nonsmoker,21,567000
316_Life,female,smoker,44,621000
317_Life,male,nonsmoker,22,369000
318_Life,female,nonsmoker,36,63000
319_Life,male,nonsmoker,46,935000
320_Life,female,nonsmoker,33,389000
321_Life,male,nonsmoker,43,560000
322_Life,female,nonsmoker,46,624750
323_Life,female,smoker,48,206750
324_Life,female,nonsmoker,48,7250
325_Life,male,nonsmoker,47,52878.3
326_Life,male,nonsmoker,32,457000
327_Life,female,nonsmoker,29,433000
328_Life,male,nonsmoker,31,421000
329_Life,male,smoker,24,720000
330_Life,female,nonsmoker,23,736000
331_Life,male,nonsmoker,34,338633
332_Life,female,smoker,34,57000
333_Life,female,nonsmoker,23,275000
334_Life,male,nonsmoker,33,487000
335_Life,male,smoker,34,497142
336_Life,female,nonsmoker,35,470000
337_Life,male,nonsmoker,37,485142
338_Life,female,nonsmoker,36,766000
339_Life,male,nonsmoker,38,490000
340_Life,female,nonsmoker,25,485000
341_Life,male,nonsmoker,46,230000
342_Life,female,nonsmoker,27,351000
343_Life,male,nonsmoker,58,221000
344_Life,female,smoker,24,459000
345_Life,male,nonsmoker,22,351000
346_Life,male,smoker,19,719000
347_Life,male,smoker,23,433895
348_Life,male,nonsmoker,26,454000
349_Life,male,smoker,22,482000
350_Life,male,nonsmoker,23,550000
351_Life,female,nonsmoker,35,600000
352_Life,male,nonsmoker,36,753000
353_Life,female,nonsmoker,34,718000
354_Life,female,nonsmoker,37,711000
355_Life,female,nonsmoker,40,584000
356_Life,female,nonsmoker,50,470000
357_Life,female,nonsmoker,53,287000
358_Life,female,nonsmoker,46,61000
359_Life,female,nonsmoker,32,383000
360_Life,female,nonsmoker,35,383000
361_Life,female,smoker,25,366000
362_Life,female,nonsmoker,44,408000
363_Life,male,smoker,47,382000
364_Life,male,nonsmoker,33,82000
365_Life,female,nonsmoker,36,574000
366_Life,male,nonsmoker,22,343000
367_Life,female,nonsmoker,21,348000
368_Life,male,nonsmoker,45,274000
369_Life,male,nonsmoker,44,268000
370_Life,female,nonsmoker,50,459000
371_Life,female,nonsmoker,24,25200
372_Life,female,smoker,62,365000
373_Life,male,nonsmoker,37,360000
374_Life,male,nonsmoker,33,371000
375_Life,male,nonsmoker,38,737000
376_Life,male,nonsmoker,33,461000
377_Life,male,smoker,55,75000
378_Life,female,nonsmoker,41,284000
379_Life,female,nonsmoker,40,285000
380_Life,female,nonsmoker,34,363000
381_Life,female,nonsmoker,40,390000
382_Life,female,nonsmoker,43,153000
383_Life,female,nonsmoker,41,157000
384_Life,female,smoker,28,385000
385_Life,male,smoker,25,368000
386_Life,male,nonsmoker,30,429000
387_Life,male,nonsmoker,27,438000
388_Life,male,nonsmoker,60,532000
389_Life,female,nonsmoker,45,753000
390_Life,female,nonsmoker,43,520000
391_Life,female,nonsmoker,30,720000
392_Life,female,nonsmoker,47,368000
393_Life,female,nonsmoker,48,463000
394_Life,male,nonsmoker,58,61000
395_Life,male,nonsmoker,55,171000
396_Life,female,nonsmoker,41,760000
397_Life,male,nonsmoker,42,842000
398_Life,female,nonsmoker,24,261000
399_Life,female,nonsmoker,29,268000
400_Life,male,nonsmoker,30,560000
401_Life,female,nonsmoker,42,250000
402_Life,female,nonsmoker,60,170000
403_Life,male,nonsmoker,39,276000
404_Life,male,nonsmoker,38,280000
405_Life,female,nonsmoker,42,255000
406_Life,female,nonsmoker,37,330000
407_Life,male,smoker,24,362000
408_Life,female,nonsmoker,29,352000
409_Life,female,nonsmoker,32,354000
410_Life,female,nonsmoker,38,366000
411_Life,male,smoker,44,327000
412_Life,female,nonsmoker,43,311000
413_Life,male,smoker,29,368000
414_Life,female,nonsmoker,25,390000
415_Life,male,nonsmoker,43,610000
416_Life,male,nonsmoker,23,228000
417_Life,female,nonsmoker,27,232000
418_Life,male,nonsmoker,32,537000
419_Life,female,nonsmoker,36,403000
420_Life,male,nonsmoker,36,657000
421_Life,female,nonsmoker,34,685000
422_Life,female,nonsmoker,48,146000
423_Life,male,nonsmoker,44,137000
424_Life,male,nonsmoker,46,479000
425_Life,male,nonsmoker,23,462000
426_Life,male,nonsmoker,33,464000
427_Life,female,nonsmoker,37,260000
428_Life,male,nonsmoker,18,321000
429_Life,male,nonsmoker,19,302000
430_Life,female,nonsmoker,24,216000
431_Life,male,smoker,26,304000
432_Life,female,nonsmoker,28,321000
433_Life,female,nonsmoker,41,482000
434_Life,female,nonsmoker,24,416000
435_Life,female,nonsmoker,21,436000
436_Life,male,smoker,31,515000
437_Life,female,nonsmoker,25,1600000
438_Life,male,nonsmoker,30,258000
439_Life,male,nonsmoker,22,279000
440_Life,female,nonsmoker,43,570000
441_Life,female,nonsmoker,38,520000
442_Life,female,nonsmoker,27,670000
443_Life,male,nonsmoker,25,770000
444_Life,female,nonsmoker,26,388000
445_Life,male,nonsmoker,40,272000
446_Life,male,nonsmoker,24,287000
447_Life,female,nonsmoker,41,259000
448_Life,female,nonsmoker,42,360000
449_Life,female,nonsmoker,36,463000
450_Life,male,nonsmoker,41,876000
451_Life,female,nonsmoker,43,74000
452_Life,female,nonsmoker,35,478000
453_Life,female,nonsmoker,25,573000
454_Life,male,nonsmoker,22,175815
455_Life,male,nonsmoker,19,380000
456_Life,female,nonsmoker,33,538000
457_Life,male,nonsmoker,33,527000
458_Life,male,smoker,29,760000
459_Life,female,nonsmoker,35,487000
460_Life,female,nonsmoker,32,480000
461_Life,male,nonsmoker,38,261000
462_Life,male,nonsmoker,37,174000
463_Life,female,nonsmoker,33,217000
464_Life,male,smoker,45,375000
465_Life,male,nonsmoker,41,281000
466_Life,male,nonsmoker,27,216000
467_Life,male,smoker,29,231000
468_Life,female,nonsmoker,30,231000
469_Life,female,nonsmoker,34,480000
470_Life,male,nonsmoker,27,475000
471_Life,female,nonsmoker,49,762000
472_Life,female,nonsmoker,22,159000
473_Life,male,nonsmoker,24,166000
474_Life,male,nonsmoker,43,173000
475_Life,female,nonsmoker,45,184000
476_Life,male,smoker,52,731000
477_Life,female,nonsmoker,52,227000
478_Life,male,smoker,33,177000
479_Life,male,nonsmoker,35,173000
480_Life,male,nonsmoker,54,723000
481_Life,female,smoker,27,719000
482_Life,male,nonsmoker,32,672000
483_Life,male,nonsmoker,25,399000
484_Life,male,nonsmoker,34,408000
485_Life,female,nonsmoker,41,817000
486_Life,female,nonsmoker,32,857000
487_Life,male,nonsmoker,34,823000
488_Life,male,nonsmoker,33,837000
489_Life,male,nonsmoker,38,88000
490_Life,female,nonsmoker,42,224000
491_Life,female,nonsmoker,30,223000
492_Life,male,nonsmoker,39,319000
493_Life,female,smoker,39,756000
494_Life,male,nonsmoker,38,469000
495_Life,male,nonsmoker,39,452000
496_Life,female,nonsmoker,43,575000
497_Life,male,nonsmoker,42,400000
498_Life,female,smoker,38,434000
499_Life,male,nonsmoker,28,960000
500_Life,male,smoker,49,183000
501_Life,male,nonsmoker,43,333000
502_Life,male,nonsmoker,40,285000
503_Life,female,smoker,45,275000
504_Life,female,smoker,25,563000
505_Life,female,nonsmoker,28,562000
506_Life,male,nonsmoker,31,1270000
507_Life,male,nonsmoker,27,732000
508_Life,male,smoker,30,556000
509_Life,female,nonsmoker,31,357000
510_Life,male,nonsmoker,32,325000
511_Life,female,smoker,25,173000
512_Life,female,nonsmoker,24,179000
513_Life,female,nonsmoker,47,173000
514_Life,female,smoker,47,509000
515_Life,female,nonsmoker,49,115000
516_Life,male,nonsmoker,35,260000
517_Life,male,nonsmoker,35,275000
518_Life,female,smoker,28,557000
519_Life,male,nonsmoker,27,574000
520_Life,female,nonsmoker,28,460000
521_Life,female,nonsmoker,28,479000
522_Life,female,nonsmoker,53,720000
523_Life,female,smoker,40,45500
524_Life,male,smoker,34,1180000
525_Life,female,nonsmoker,34,690000
526_Life,female,nonsmoker,36,676000
527_Life,female,nonsmoker,30,678000
528_Life,female,nonsmoker,38,389000
529_Life,female,nonsmoker,39,250000
530_Life,female,nonsmoker,30,286000
531_Life,female,nonsmoker,32,433665
532_Life,male,nonsmoker,26,371000
533_Life,male,nonsmoker,26,380000
534_Life,male,nonsmoker,26,385000
535_Life,male,nonsmoker,33,396000
536_Life,male,nonsmoker,27,654000
537_Life,female,nonsmoker,29,670000
538_Life,female,smoker,28,364000
539_Life,female,nonsmoker,24,388000
540_Life,female,nonsmoker,40,714000
541_Life,female,nonsmoker,30,705000
542_Life,male,nonsmoker,24,469000
543_Life,female,nonsmoker,22,374999
544_Life,male,smoker,50,716000
545_Life,male,nonsmoker,57,704000
546_Life,female,nonsmoker,28,455000
547_Life,male,nonsmoker,47,712000
548_Life,male,nonsmoker,48,238000
549_Life,female,smoker,29,450000
550_Life,male,nonsmoker,33,312000
551_Life,female,smoker,32,450000
552_Life,male,nonsmoker,41,760000
553_Life,female,nonsmoker,49,719000
554_Life,male,nonsmoker,49,219000
555_Life,male,smoker,37,566000
556_Life,male,nonsmoker,19,453000
557_Life,male,smoker,45,560000
558_Life,female,nonsmoker,26,471000
559_Life,female,smoker,44,583000
560_Life,male,nonsmoker,37,577000
561_Life,male,smoker,30,455000
562_Life,male,nonsmoker,28,483000
563_Life,female,nonsmoker,19,485000
564_Life,female,smoker,28,552000
565_Life,female,nonsmoker,28,562000
566_Life,female,nonsmoker,34,12875
567_Life,male,nonsmoker,47,270000
568_Life,female,nonsmoker,41,357000
569_Life,female,smoker,29,182800
570_Life,female,nonsmoker,28,159800
571_Life,male,nonsmoker,19,220000
572_Life,male,nonsmoker,20,201000
573_Life,male,nonsmoker,33,1080000
574_Life,female,nonsmoker,44,230000
575_Life,male,nonsmoker,33,838000
576_Life,male,nonsmoker,33,814000
577_Life,female,nonsmoker,38,1740000
578_Life,female,nonsmoker,39,1510000
579_Life,male,nonsmoker,29,452614
580_Life,female,nonsmoker,24,456614
581_Life,female,nonsmoker,36,536000
582_Life,male,nonsmoker,36,487000
583_Life,male,nonsmoker,28,490000
584_Life,male,nonsmoker,41,353000
585_Life,female,nonsmoker,31,357000
586_Life,female,smoker,42,711000
587_Life,male,smoker,32,571000
588_Life,male,nonsmoker,25,576000
589_Life,female,nonsmoker,26,375000
590_Life,male,nonsmoker,30,398000
591_Life,female,nonsmoker,37,410000
592_Life,male,nonsmoker,41,571000
593_Life,female,nonsmoker,40,730000
594_Life,female,nonsmoker,44,474000
595_Life,male,nonsmoker,43,468000
596_Life,female,nonsmoker,34,1130000
597_Life,female,nonsmoker,33,1400000
598_Life,male,nonsmoker,24,567000
599_Life,female,nonsmoker,54,467000
600_Life,male,nonsmoker,44,630000
601_Life,female,nonsmoker,28,468000
602_Life,female,nonsmoker,28,487000
603_Life,female,nonsmoker,34,456000
604_Life,female,nonsmoker,42,502000
605_Life,female,nonsmoker,49,540000
606_Life,female,smoker,34,150000
607_Life,female,nonsmoker,56,48600
608_Life,male,nonsmoker,59,45800
609_Life,male,nonsmoker,25,47100
610_Life,female,nonsmoker,23,45200
611_Life,female,smoker,21,489000
612_Life,male,smoker,21,476000
613_Life,male,smoker,25,480000
614_Life,male,smoker,27,67000
615_Life,male,nonsmoker,34,162613
616_Life,male,nonsmoker,44,374000
617_Life,male,smoker,21,111000
618_Life,male,nonsmoker,20,136000
619_Life,male,nonsmoker,40,486000
620_Life,male,nonsmoker,36,216000
621_Life,female,nonsmoker,34,459000
622_Life,male,smoker,31,462000
623_Life,male,nonsmoker,49,286000
624_Life,male,nonsmoker,39,152000
625_Life,male,nonsmoker,32,289000
626_Life,female,nonsmoker,27,790000
627_Life,male,nonsmoker,30,1780000
628_Life,male,nonsmoker,38,338000
629_Life,female,nonsmoker,39,306000
630_Life,female,nonsmoker,32,711000
631_Life,male,nonsmoker,30,312000
632_Life,female,nonsmoker,26,486000
633_Life,male,nonsmoker,53,54000
634_Life,female,nonsmoker,45,130000
635_Life,male,nonsmoker,36,611000
636_Life,female,nonsmoker,39,476000
637_Life,male,nonsmoker,44,70700
638_Life,female,nonsmoker,29,730000
639_Life,female,nonsmoker,41,736000
640_Life,male,nonsmoker,35,739000
641_Life,male,nonsmoker,34,716000
642_Life,male,nonsmoker,48,264000
643_Life,female,nonsmoker,44,239000
644_Life,female,nonsmoker,35,740000
645_Life,male,nonsmoker,34,739000
646_Life,female,nonsmoker,49,739000
647_Life,female,nonsmoker,36,725625
648_Life,female,nonsmoker,44,754000
649_Life,female,nonsmoker,24,288000
650_Life,male,nonsmoker,24,293000
651_Life,male,nonsmoker,29,435000
652_Life,female,smoker,33,432000
653_Life,male,nonsmoker,40,210000
654_Life,male,smoker,39,727000
655_Life,female,nonsmoker,44,276000
656_Life,female,nonsmoker,37,663000
657_Life,male,nonsmoker,43,864000
658_Life,male,smoker,36,887000
659_Life,female,nonsmoker,43,629000
660_Life,female,nonsmoker,50,690000
661_Life,female,nonsmoker,45,478000
662_Life,female,nonsmoker,38,384000
663_Life,male,nonsmoker,27,310000
664_Life,female,nonsmoker,27,316000
665_Life,female,nonsmoker,44,388000
666_Life,female,nonsmoker,33,371000
667_Life,male,nonsmoker,50,475000
668_Life,female,nonsmoker,44,210000
669_Life,female,nonsmoker,30,487000
670_Life,male,nonsmoker,40,651000
671_Life,female,nonsmoker,44,680000
672_Life,female,nonsmoker,41,279000
673_Life,male,nonsmoker,29,520000
674_Life,female,nonsmoker,28,760000
675_Life,male,nonsmoker,26,1060000
676_Life,male,nonsmoker,25,471000
677_Life,female,smoker,21,465000
678_Life,male,nonsmoker,51,152000
679_Life,male,nonsmoker,45,177000
680_Life,male,nonsmoker,21,320000
681_Life,male,nonsmoker,21,296000
682_Life,female,nonsmoker,43,373000
683_Life,female,nonsmoker,44,355000
684_Life,male,nonsmoker,37,456000
685_Life,female,nonsmoker,24,212000
686_Life,female,smoker,24,127000
687_Life,female,nonsmoker,22,357000
688_Life,male,smoker,27,254000
689_Life,male,nonsmoker,23,281000
690_Life,female,smoker,18,550000
691_Life,female,nonsmoker,21,636000
692_Life,female,nonsmoker,47,255000
693_Life,male,smoker,38,689000
694_Life,male,nonsmoker,29,502000
695_Life,male,nonsmoker,26,500000
696_Life,male,nonsmoker,56,373000
697_Life,female,nonsmoker,35,710000
698_Life,female,smoker,37,730000
699_Life,male,nonsmoker,32,456000
700_Life,female,nonsmoker,32,287000
701_Life,female,nonsmoker,30,788000
702_Life,male,smoker,48,350000
703_Life,female,nonsmoker,51,153000
704_Life,male,nonsmoker,51,534857
705_Life,female,nonsmoker,43,273000
706_Life,female,nonsmoker,31,488000
707_Life,female,smoker,23,488000
708_Life,female,nonsmoker,28,508000
709_Life,male,nonsmoker,22,386000
710_Life,female,nonsmoker,22,374000
711_Life,female,nonsmoker,47,484000
712_Life,female,nonsmoker,25,458000
713_Life,female,nonsmoker,40,587000
714_Life,female,nonsmoker,31,315000
715_Life,female,nonsmoker,37,2320000
716_Life,female,smoker,38,1140000
717_Life,female,smoker,25,77000
718_Life,female,nonsmoker,40,552000
719_Life,female,nonsmoker,43,551000
720_Life,female,smoker,32,328000
721_Life,female,smoker,37,433000
722_Life,male,nonsmoker,31,758000
723_Life,male,nonsmoker,33,459000
724_Life,female,smoker,33,462000
725_Life,male,nonsmoker,30,462000
726_Life,male,nonsmoker,22,579000
727_Life,female,nonsmoker,44,171000
728_Life,female,nonsmoker,34,890000
729_Life,female,nonsmoker,34,1320000
730_Life,male,nonsmoker,25,1040000
731_Life,female,nonsmoker,47,371000
732_Life,female,nonsmoker,42,397000
733_Life,female,nonsmoker,27,680000
734_Life,female,nonsmoker,32,218000
735_Life,female,nonsmoker,32,579000
736_Life,male,nonsmoker,34,576000
737_Life,male,nonsmoker,26,279000
738_Life,male,nonsmoker,23,484000
739_Life,male,nonsmoker,52,214000
740_Life,female,nonsmoker,45,270000
741_Life,male,nonsmoker,25,157000
742_Life,female,nonsmoker,24,158000
743_Life,male,nonsmoker,39,357000
744_Life,male,nonsmoker,33,358000
745_Life,male,nonsmoker,28,605000
746_Life,male,nonsmoker,23,609000
747_Life,male,nonsmoker,46,272000
748_Life,female,nonsmoker,48,298000
749_Life,male,nonsmoker,28,479000
750_Life,male,nonsmoker,30,490000
751_Life,female,nonsmoker,27,459000
752_Life,male,nonsmoker,42,47100
753_Life,male,nonsmoker,27,587000
754_Life,female,nonsmoker,53,202000
755_Life,female,nonsmoker,33,732000
756_Life,female,nonsmoker,38,188000
757_Life,female,nonsmoker,34,308000
758_Life,female,nonsmoker,36,321000
759_Life,female,nonsmoker,24,484000
760_Life,male,nonsmoker,43,379000
761_Life,male,nonsmoker,45,350000
762_Life,male,nonsmoker,19,362000
763_Life,male,nonsmoker,20,355000
764_Life,male,nonsmoker,27,550000
765_Life,male,nonsmoker,27,582000
766_Life,male,nonsmoker,41,456000
767_Life,male,nonsmoker,45,469000
768_Life,male,smoker,38,880000
769_Life,male,nonsmoker,26,451000
770_Life,male,smoker,22,480000
771_Life,male,nonsmoker,30,229000
772_Life,female,nonsmoker,23,254000
773_Life,female,nonsmoker,25,362000
774_Life,female,nonsmoker,30,353000
775_Life,male,nonsmoker,43,457000
776_Life,female,nonsmoker,30,572000
777_Life,female,nonsmoker,27,581000
778_Life,female,nonsmoker,18,269000
779_Life,male,nonsmoker,20,255000
780_Life,male,nonsmoker,27,290000
781_Life,female,nonsmoker,20,129000
782_Life,female,nonsmoker,36,488000
783_Life,female,nonsmoker,35,474000
784_Life,female,nonsmoker,43,766000
785_Life,male,nonsmoker,61,850000
786_Life,male,nonsmoker,62,466000
787_Life,female,nonsmoker,39,133000
788_Life,male,smoker,42,581000
789_Life,male,nonsmoker,31,488000
790_Life,male,nonsmoker,30,310000
791_Life,female,nonsmoker,32,315000
792_Life,male,nonsmoker,46,89000
793_Life,female,nonsmoker,25,429444
794_Life,male,nonsmoker,33,423444
795_Life,female,nonsmoker,52,76900
796_Life,male,smoker,39,380000
797_Life,male,nonsmoker,41,452000
798_Life,female,nonsmoker,40,489000
799_Life,female,nonsmoker,31,263000
800_Life,male,nonsmoker,28,283000
801_Life,male,nonsmoker,55,570000
802_Life,male,nonsmoker,26,838000
803_Life,female,smoker,29,278000
804_Life,male,nonsmoker,27,468000
805_Life,female,nonsmoker,37,277000
806_Life,male,nonsmoker,35,281000
807_Life,male,nonsmoker,33,460000
808_Life,male,nonsmoker,30,474000
809_Life,male,nonsmoker,31,487000
810_Life,male,nonsmoker,19,332000
811_Life,female,nonsmoker,36,771000
812_Life,female,nonsmoker,37,358000
813_Life,female,nonsmoker,47,135000
814_Life,male,nonsmoker,54,122000
815_Life,female,smoker,41,591291
816_Life,male,nonsmoker,37,253000
817_Life,female,smoker,30,269000
818_Life,female,nonsmoker,38,285000
819_Life,male,nonsmoker,25,679000
820_Life,male,nonsmoker,21,79000
821_Life,female,nonsmoker,27,273000
822_Life,female,nonsmoker,42,579000
823_Life,male,nonsmoker,61,569000
824_Life,female,nonsmoker,48,593000
825_Life,female,nonsmoker,28,556000
826_Life,male,smoker,31,653000
827_Life,female,nonsmoker,26,570000
828_Life,female,nonsmoker,23,782000
829_Life,female,nonsmoker,36,730000
830_Life,female,smoker,33,810000
831_Life,female,nonsmoker,20,239000
832_Life,female,nonsmoker,19,211000
833_Life,female,nonsmoker,41,573000
834_Life,male,nonsmoker,41,350000
835_Life,male,nonsmoker,29,278000
836_Life,female,nonsmoker,28,284000
837_Life,male,nonsmoker,29,406000
838_Life,female,nonsmoker,32,473000
839_Life,male,nonsmoker,30,462000
840_Life,female,nonsmoker,26,483000
841_Life,female,nonsmoker,29,658000
842_Life,female,nonsmoker,48,410302
843_Life,male,nonsmoker,41,467000
844_Life,male,nonsmoker,40,469000
845_Life,female,nonsmoker,37,490000
846_Life,male,nonsmoker,33,720000
847_Life,male,nonsmoker,30,285000
848_Life,female,nonsmoker,20,276000
849_Life,male,nonsmoker,32,483000
850_Life,male,nonsmoker,25,488000
851_Life,male,nonsmoker,42,708280
852_Life,female,nonsmoker,60,510000
853_Life,female,nonsmoker,25,433420
854_Life,male,nonsmoker,50,404000
855_Life,male,smoker,52,45600
856_Life,female,nonsmoker,46,103000
857_Life,male,nonsmoker,58,475000
858_Life,male,nonsmoker,59,158000
859_Life,male,nonsmoker,47,93000
860_Life,male,nonsmoker,31,119000
861_Life,male,nonsmoker,38,400500
862_Life,female,nonsmoker,39,74488
863_Life,female,nonsmoker,39,146500
864_Life,female,smoker,36,557000
865_Life,female,nonsmoker,36,105488
866_Life,female,nonsmoker,30,680000
867_Life,male,nonsmoker,27,676000
868_Life,male,nonsmoker,49,455854
869_Life,male,nonsmoker,44,457854
870_Life,male,nonsmoker,33,475000
871_Life,female,nonsmoker,20,355000
872_Life,female,nonsmoker,21,382000
873_Life,male,nonsmoker,45,287000
874_Life,female,nonsmoker,39,290000
875_Life,female,nonsmoker,39,280000
876_Life,male,nonsmoker,44,379000
877_Life,female,nonsmoker,40,460000
878_Life,female,nonsmoker,41,462000
879_Life,female,nonsmoker,61,113000
880_Life,female,nonsmoker,49,269000
881_Life,female,smoker,30,240000
882_Life,male,nonsmoker,35,366000
883_Life,male,nonsmoker,27,289000
884_Life,female,nonsmoker,30,487000
885_Life,male,nonsmoker,26,486000
886_Life,female,smoker,27,292000
887_Life,female,nonsmoker,26,312000
888_Life,male,smoker,43,1320000
889_Life,male,nonsmoker,28,746000
890_Life,female,nonsmoker,26,710000
891_Life,male,nonsmoker,33,371000
892_Life,male,nonsmoker,36,377000
893_Life,male,nonsmoker,25,410000
894_Life,male,nonsmoker,39,410000
895_Life,male,nonsmoker,39,450000
896_Life,male,smoker,37,587000
897_Life,male,nonsmoker,31,452000
898_Life,female,nonsmoker,31,476000
899_Life,male,nonsmoker,26,221000
900_Life,female,nonsmoker,44,674000
901_Life,female,nonsmoker,29,358000
902_Life,male,nonsmoker,28,469000
903_Life,female,nonsmoker,29,457000
904_Life,male,nonsmoker,36,715000
905_Life,female,smoker,32,572000
906_Life,female,nonsmoker,34,267000
907_Life,male,nonsmoker,40,750000
908_Life,female,nonsmoker,30,475000
909_Life,female,nonsmoker,28,564000
910_Life,female,nonsmoker,26,375000
911_Life,male,nonsmoker,28,54000
912_Life,female,nonsmoker,27,84000
913_Life,female,nonsmoker,55,711000
914_Life,female,nonsmoker,46,845000
915_Life,male,nonsmoker,44,855000
916_Life,male,nonsmoker,50,490000
917_Life,female,nonsmoker,44,484000
918_Life,male,nonsmoker,40,86000
919_Life,male,smoker,26,259000
920_Life,male,nonsmoker,25,202000
921_Life,male,nonsmoker,21,266000
922_Life,male,nonsmoker,49,298000
923_Life,male,nonsmoker,40,1370000
924_Life,male,nonsmoker,27,471000
925_Life,male,nonsmoker,25,482000
926_Life,male,nonsmoker,48,71000
927_Life,male,nonsmoker,65,127000
928_Life,male,smoker,54,134000
929_Life,male,nonsmoker,31,165000
930_Life,male,nonsmoker,26,159000
931_Life,female,nonsmoker,28,900000
932_Life,male,nonsmoker,33,488000
933_Life,male,smoker,29,519000
934_Life,male,nonsmoker,35,489000
935_Life,male,nonsmoker,32,452000
936_Life,male,nonsmoker,42,331000
937_Life,male,nonsmoker,35,310000
938_Life,male,nonsmoker,36,268000
939_Life,male,nonsmoker,23,202000
940_Life,male,nonsmoker,36,500000
941_Life,female,nonsmoker,35,720000
942_Life,female,nonsmoker,42,82000
943_Life,male,nonsmoker,32,364000
944_Life,female,nonsmoker,35,76000
945_Life,male,nonsmoker,41,71000
946_Life,female,nonsmoker,29,540000
947_Life,female,nonsmoker,37,472000
948_Life,female,nonsmoker,29,403000
949_Life,female,nonsmoker,28,377840
950_Life,female,nonsmoker,47,710000
951_Life,female,nonsmoker,37,620000
952_Life,male,nonsmoker,57,488000
953_Life,female,nonsmoker,30,101000
954_Life,female,nonsmoker,30,488000
955_Life,female,smoker,37,270000
956_Life,male,nonsmoker,52,820000
957_Life,male,nonsmoker,38,767000
958_Life,female,nonsmoker,35,567000
959_Life,male,nonsmoker,22,404000
960_Life,male,nonsmoker,35,763000
961_Life,male,nonsmoker,32,777000
962_Life,male,smoker,57,461000
963_Life,male,smoker,28,481200
964_Life,male,nonsmoker,51,615000
965_Life,female,nonsmoker,45,186080
966_Life,male,nonsmoker,52,173000
967_Life,female,nonsmoker,38,453000
968_Life,male,nonsmoker,26,529000
969_Life,female,nonsmoker,22,523000
970_Life,male,nonsmoker,32,339000
971_Life,male,nonsmoker,28,456000
972_Life,male,nonsmoker,46,220000
973_Life,male,nonsmoker,43,250000
974_Life,female,smoker,59,84000
975_Life,male,nonsmoker,50,686000
976_Life,male,nonsmoker,22,190000
977_Life,female,nonsmoker,42,256000
978_Life,female,nonsmoker,28,796348
979_Life,female,nonsmoker,26,792348
980_Life,male,nonsmoker,61,800000
981_Life,male,nonsmoker,28,456000
982_Life,female,nonsmoker,27,481000
983_Life,female,nonsmoker,43,480000
984_Life,male,nonsmoker,33,90000
985_Life,male,nonsmoker,50,455000
986_Life,female,nonsmoker,48,250000
987_Life,male,nonsmoker,35,133000
988_Life,male,nonsmoker,31,117000
989_Life,female,nonsmoker,30,154000
990_Life,male,nonsmoker,33,174000
991_Life,female,nonsmoker,33,479000
992_Life,male,nonsmoker,31,454000
993_Life,male,nonsmoker,54,266000
994_Life,male,nonsmoker,31,809000
995_Life,male,nonsmoker,29,403000
996_Life,male,nonsmoker,29,476000
997_Life,female,smoker,33,485000
998_Life,female,nonsmoker,40,713000
999_Life,male,nonsmoker,41,626000
1000_Life,male,nonsmoker,36,463000
1001_Life,male,nonsmoker,45,483000
1002_Life,female,nonsmoker,22,471000
1003_Life,male,nonsmoker,25,660000
1004_Life,female,nonsmoker,24,800000
1005_Life,female,smoker,29,713000
1006_Life,female,nonsmoker,28,740000
1007_Life,male,nonsmoker,33,356000
1008_Life,female,nonsmoker,31,366000
1009_Life,female,nonsmoker,60,58800
1010_Life,male,nonsmoker,58,46100
1011_Life,male,nonsmoker,49,265000
1012_Life,female,smoker,42,350000
1013_Life,female,nonsmoker,33,153000
1014_Life,female,nonsmoker,33,158000
1015_Life,male,nonsmoker,36,476000
1016_Life,female,smoker,47,64000
1017_Life,male,smoker,54,69000
1018_Life,female,nonsmoker,37,995060
1019_Life,female,nonsmoker,51,117000
1020_Life,female,nonsmoker,25,563000
1021_Life,male,nonsmoker,25,552000
1022_Life,female,nonsmoker,24,574000
1023_Life,female,nonsmoker,27,583000
1024_Life,male,nonsmoker,47,452000
1025_Life,female,nonsmoker,39,410000
1026_Life,female,smoker,34,734000
1027_Life,female,nonsmoker,28,824000
1028_Life,male,nonsmoker,27,68330
1029_Life,male,nonsmoker,32,685000
1030_Life,female,nonsmoker,27,538000
1031_Life,male,smoker,29,502000
1032_Life,female,nonsmoker,32,473000
1033_Life,female,nonsmoker,25,464000
1034_Life,male,nonsmoker,42,1200000
1035_Life,female,nonsmoker,27,870000
1036_Life,female,nonsmoker,25,750000
1037_Life,female,nonsmoker,24,449000
1038_Life,female,smoker,27,463000
1039_Life,male,nonsmoker,30,766000
1040_Life,female,nonsmoker,25,450000
1041_Life,male,smoker,31,474000
1042_Life,female,nonsmoker,23,530000
1043_Life,female,smoker,22,444471
1044_Life,female,nonsmoker,55,350000
1045_Life,female,nonsmoker,54,350000
1046_Life,female,nonsmoker,48,630000
1047_Life,female,nonsmoker,40,479000
1048_Life,male,smoker,38,637000
1049_Life,female,nonsmoker,55,477000
1050_Life,male,nonsmoker,27,368000
1051_Life,female,nonsmoker,39,460000
1052_Life,female,nonsmoker,28,477000
1053_Life,female,nonsmoker,29,485000
1054_Life,female,nonsmoker,32,779000
1055_Life,male,nonsmoker,53,488000
1056_Life,male,nonsmoker,41,482000
1057_Life,male,nonsmoker,25,351000
1058_Life,female,nonsmoker,29,390000
1059_Life,male,nonsmoker,24,450000
1060_Life,male,nonsmoker,27,490000
1061_Life,male,nonsmoker,52,482000
1062_Life,female,nonsmoker,24,65000
1063_Life,female,smoker,36,78000
1064_Life,female,nonsmoker,55,357000
1065_Life,female,nonsmoker,54,200000
1066_Life,female,smoker,46,740000
1067_Life,female,nonsmoker,27,319000
1068_Life,male,nonsmoker,24,291000
1069_Life,male,nonsmoker,38,840000
1070_Life,male,nonsmoker,44,580000
1071_Life,male,smoker,27,166000
1072_Life,female,nonsmoker,51,387000
1073_Life,female,nonsmoker,37,270000
1074_Life,male,nonsmoker,32,706852.7
1075_Life,female,nonsmoker,32,905000
1076_Life,female,nonsmoker,32,645000
1077_Life,male,nonsmoker,28,366000
1078_Life,female,smoker,21,469000
1079_Life,male,nonsmoker,19,466000
1080_Life,female,nonsmoker,30,484000
1081_Life,male,nonsmoker,25,463000
1082_Life,female,nonsmoker,27,663000
1083_Life,male,nonsmoker,29,170000
1084_Life,female,nonsmoker,30,169000
1085_Life,female,nonsmoker,36,488000
1086_Life,male,nonsmoker,26,484000
1087_Life,female,nonsmoker,55,381000
1088_Life,female,smoker,46,358000
1089_Life,female,nonsmoker,49,388000
1090_Life,female,nonsmoker,45,255000
1091_Life,male,nonsmoker,34,272000
1092_Life,female,nonsmoker,26,73000
1093_Life,female,nonsmoker,26,85000
1094_Life,male,nonsmoker,27,184000
1095_Life,male,nonsmoker,41,584000
1096_Life,male,nonsmoker,31,548000
1097_Life,male,nonsmoker,29,453934
1098_Life,male,nonsmoker,61,152000
1099_Life,male,nonsmoker,22,459000
1100_Life,male,nonsmoker,31,451000
1101_Life,female,smoker,27,461000
1102_Life,male,nonsmoker,28,557000
1103_Life,male,nonsmoker,25,576000
1104_Life,female,nonsmoker,36,61000
1105_Life,male,nonsmoker,51,250000
1106_Life,male,nonsmoker,50,264000
1107_Life,male,smoker,28,273000
1108_Life,female,nonsmoker,31,276000
1109_Life,male,nonsmoker,30,725000
1110_Life,female,smoker,29,733000
1111_Life,female,nonsmoker,41,235000
1112_Life,female,nonsmoker,27,457000
1113_Life,female,smoker,33,243000
1114_Life,female,nonsmoker,29,164000
1115_Life,male,nonsmoker,38,488000
1116_Life,male,nonsmoker,35,336000
1117_Life,female,nonsmoker,31,306000
1118_Life,male,smoker,59,125000
1119_Life,female,nonsmoker,39,470000
1120_Life,male,nonsmoker,42,454000
1121_Life,female,nonsmoker,34,630000
1122_Life,male,nonsmoker,53,85000
1123_Life,male,nonsmoker,28,86000
1124_Life,male,nonsmoker,24,109950
1125_Life,male,nonsmoker,37,172547
1126_Life,female,smoker,36,381000
1127_Life,female,nonsmoker,33,562000
1128_Life,male,nonsmoker,31,589000
1129_Life,female,smoker,39,765000
1130_Life,female,nonsmoker,36,762000
1131_Life,male,nonsmoker,49,382000
1132_Life,male,nonsmoker,46,376000
1133_Life,male,nonsmoker,59,463000
1134_Life,female,nonsmoker,26,583000
1135_Life,female,nonsmoker,29,273000
1136_Life,female,nonsmoker,18,432906
1137_Life,male,nonsmoker,28,686000
1138_Life,female,nonsmoker,26,684000
1139_Life,male,nonsmoker,49,436000
1140_Life,male,smoker,38,763000
1141_Life,female,nonsmoker,32,68000
1142_Life,female,smoker,32,456000
1143_Life,male,nonsmoker,19,156000
1144_Life,male,smoker,21,615000
1145_Life,male,nonsmoker,22,607000
1146_Life,male,smoker,23,407800
1147_Life,male,smoker,24,390600
1148_Life,female,nonsmoker,31,870000
1149_Life,male,nonsmoker,33,770000
1150_Life,female,nonsmoker,33,337000
1151_Life,male,smoker,34,338000
1152_Life,female,nonsmoker,33,165000
1153_Life,male,nonsmoker,28,176000
1154_Life,female,nonsmoker,29,230000
1155_Life,female,nonsmoker,25,377000
1156_Life,male,nonsmoker,28,557000
1157_Life,female,nonsmoker,49,226000
1158_Life,male,nonsmoker,51,215000
1159_Life,female,nonsmoker,61,55000
1160_Life,female,nonsmoker,47,560000
1161_Life,male,nonsmoker,40,682000
1162_Life,male,nonsmoker,50,271000
1163_Life,male,nonsmoker,20,378000
1164_Life,male,nonsmoker,26,488000
1165_Life,male,nonsmoker,27,494000
1166_Life,female,smoker,30,172000
1167_Life,male,nonsmoker,30,156000
1168_Life,female,nonsmoker,48,2070000
1169_Life,female,nonsmoker,47,389000
1170_Life,female,nonsmoker,49,608000
1171_Life,female,nonsmoker,32,457000
1172_Life,male,nonsmoker,52,131000
1173_Life,male,nonsmoker,33,314000
1174_Life,male,nonsmoker,36,373000
1175_Life,female,smoker,33,362000
1176_Life,male,smoker,38,276000
1177_Life,female,nonsmoker,52,469000
1178_Life,female,nonsmoker,44,458000
1179_Life,female,nonsmoker,53,257000
1180_Life,male,nonsmoker,28,461000
1181_Life,male,nonsmoker,33,386000
1182_Life,male,nonsmoker,48,566000
1183_Life,female,nonsmoker,44,830000
1184_Life,female,nonsmoker,44,434000
1185_Life,male,nonsmoker,29,297000
1186_Life,female,nonsmoker,14,64000
1187_Life,female,nonsmoker,42,102710
1188_Life,female,nonsmoker,40,13108.62
1189_Life,female,nonsmoker,39,102710
1190_Life,female,nonsmoker,33,487000
1191_Life,male,smoker,48,917000
1192_Life,male,nonsmoker,42,715000
1193_Life,female,smoker,26,258000
1194_Life,male,nonsmoker,27,460000
1195_Life,male,nonsmoker,23,372000
1196_Life,female,smoker,23,364000
1197_Life,female,smoker,48,159000
1198_Life,male,nonsmoker,35,892846
1199_Life,female,nonsmoker,37,924846
1200_Life,female,nonsmoker,20,60000
1201_Life,female,nonsmoker,22,460000
1202_Life,male,nonsmoker,21,445000
1203_Life,male,smoker,48,37500
1204_Life,female,nonsmoker,27,169000
1205_Life,male,smoker,43,451000
1206_Life,female,nonsmoker,35,264000
1207_Life,male,nonsmoker,28,558750
1208_Life,female,nonsmoker,28,571750
1209_Life,male,nonsmoker,34,428000
1210_Life,female,nonsmoker,28,459000
1211_Life,male,nonsmoker,56,211000
1212_Life,male,nonsmoker,42,175000
1213_Life,male,nonsmoker,32,372000
1214_Life,male,smoker,23,534627
1215_Life,male,smoker,25,342783
1216_Life,female,nonsmoker,29,626000
1217_Life,female,nonsmoker,29,198000
1218_Life,male,nonsmoker,33,462000
1219_Life,female,nonsmoker,34,483000
1220_Life,female,nonsmoker,44,123000
1221_Life,female,smoker,28,237000
1222_Life,male,nonsmoker,45,270000
1223_Life,male,nonsmoker,43,273000
1224_Life,male,nonsmoker,49,486000
1225_Life,male,nonsmoker,38,593000
1226_Life,male,nonsmoker,29,587000
1227_Life,female,nonsmoker,31,673000
1228_Life,female,smoker,43,677000
1229_Life,female,nonsmoker,52,232000
1230_Life,female,nonsmoker,49,206000
1231_Life,female,nonsmoker,37,566000
1232_Life,female,nonsmoker,42,329748
1233_Life,female,nonsmoker,41,321748
1234_Life,female,nonsmoker,44,463000
1235_Life,male,nonsmoker,37,475000
1236_Life,female,nonsmoker,35,777000
1237_Life,female,smoker,31,753000
1238_Life,female,nonsmoker,35,652000
1239_Life,male,nonsmoker,38,650000
1240_Life,female,smoker,31,251000
1241_Life,female,nonsmoker,26,280000
1242_Life,female,nonsmoker,32,59000
1243_Life,male,nonsmoker,28,74000
1244_Life,male,nonsmoker,37,530000
1245_Life,male,nonsmoker,37,344000
1246_Life,female,nonsmoker,29,657000
1247_Life,male,nonsmoker,39,369000
1248_Life,female,smoker,38,53000
1249_Life,male,nonsmoker,34,353000
1250_Life,female,nonsmoker,36,56000
1251_Life,female,nonsmoker,33,782000
1252_Life,male,nonsmoker,51,205000
1253_Life,male,nonsmoker,51,481000
1254_Life,female,nonsmoker,19,456950
1255_Life,male,nonsmoker,15,447950
1256_Life,male,nonsmoker,39,465000
1257_Life,female,nonsmoker,36,473000
1258_Life,male,nonsmoker,34,263000
1259_Life,male,smoker,46,765000
1260_Life,male,nonsmoker,28,372000
1261_Life,male,nonsmoker,23,353000
1262_Life,male,nonsmoker,40,601000
1263_Life,male,nonsmoker,33,788000
1264_Life,male,nonsmoker,22,703000
1265_Life,female,nonsmoker,26,709000
1266_Life,female,nonsmoker,32,484000
1267_Life,male,smoker,24,600000
1268_Life,male,nonsmoker,26,800000
1269_Life,female,nonsmoker,51,224000
1270_Life,female,smoker,55,215000
1271_Life,male,smoker,37,230000
1272_Life,male,nonsmoker,50,478000
1273_Life,male,nonsmoker,44,387000
1274_Life,female,nonsmoker,31,377000
1275_Life,female,nonsmoker,32,390000
1276_Life,male,nonsmoker,36,216914
1277_Life,female,nonsmoker,27,287000
1278_Life,male,nonsmoker,29,253000
1279_Life,male,smoker,25,375000
1280_Life,male,nonsmoker,19,709000
1281_Life,female,nonsmoker,46,482000
1282_Life,female,nonsmoker,37,486000
1283_Life,female,nonsmoker,39,583000
1284_Life,female,smoker,39,483000
1285_Life,male,smoker,37,660000
1286_Life,female,smoker,35,23000
1287_Life,female,nonsmoker,30,157000
1288_Life,female,nonsmoker,41,740000
1289_Life,female,nonsmoker,46,462000
1290_Life,male,nonsmoker,36,458000
1291_Life,female,nonsmoker,33,566000
1292_Life,female,nonsmoker,40,221000
1293_Life,female,nonsmoker,38,228000
1294_Life,male,nonsmoker,39,485000
1295_Life,male,nonsmoker,25,360000
1296_Life,female,nonsmoker,27,567000
1297_Life,female,nonsmoker,38,710000
1298_Life,male,nonsmoker,50,295803
1299_Life,female,nonsmoker,48,385000
1300_Life,female,nonsmoker,45,360000
1301_Life,female,nonsmoker,55,48200
1302_Life,female,nonsmoker,39,203000
1303_Life,female,smoker,51,159000
1304_Life,female,nonsmoker,30,673000
1305_Life,male,smoker,30,683000
1306_Life,female,nonsmoker,35,54000
1307_Life,female,smoker,36,83000
1308_Life,female,nonsmoker,41,560000
1309_Life,male,nonsmoker,33,670000
1310_Life,female,smoker,46,284000
1311_Life,male,nonsmoker,40,750000
1312_Life,female,nonsmoker,23,731793
1313_Life,male,nonsmoker,16,228000
1314_Life,male,nonsmoker,35,1050000
1315_Life,female,smoker,28,1300000
1316_Life,male,nonsmoker,27,281000
1317_Life,female,nonsmoker,28,252000
1318_Life,female,nonsmoker,44,175000
1319_Life,male,nonsmoker,32,369000
1320_Life,male,nonsmoker,39,670000
1321_Life,male,nonsmoker,28,464000
1322_Life,male,nonsmoker,27,472000
1323_Life,male,nonsmoker,32,600000
1324_Life,male,nonsmoker,28,630000
1325_Life,male,nonsmoker,21,370000
1326_Life,female,smoker,26,368000
1327_Life,female,nonsmoker,31,461000
1328_Life,male,nonsmoker,54,571000
1329_Life,male,nonsmoker,56,113000
1330_Life,female,smoker,40,257000
1331_Life,female,nonsmoker,43,127000
1332_Life,female,nonsmoker,26,355000
1333_Life,male,nonsmoker,58,463000
1334_Life,female,nonsmoker,42,470000
1335_Life,female,nonsmoker,28,610000
1336_Life,female,nonsmoker,33,810000
1337_Life,male,nonsmoker,37,415000
1338_Life,female,nonsmoker,32,338000
1339_Life,female,nonsmoker,65,8900
1340_Life,female,nonsmoker,24,476000
1341_Life,male,nonsmoker,19,283000
1342_Life,male,nonsmoker,37,263000
1343_Life,male,nonsmoker,38,1590000
1344_Life,male,nonsmoker,29,1840000
1345_Life,male,nonsmoker,33,300000
1346_Life,male,nonsmoker,35,465541
1347_Life,female,nonsmoker,30,329000
1348_Life,female,nonsmoker,32,466541
1349_Life,female,nonsmoker,33,470000
1350_Life,male,nonsmoker,28,479000
1351_Life,male,nonsmoker,27,486000
1352_Life,male,nonsmoker,26,687000
1353_Life,male,nonsmoker,33,259000
1354_Life,male,nonsmoker,35,1270732
1355_Life,female,nonsmoker,39,207580
1356_Life,female,nonsmoker,44,218580
1357_Life,female,nonsmoker,56,163000
1358_Life,male,smoker,60,163000
1359_Life,male,nonsmoker,30,290000
1360_Life,male,nonsmoker,30,172535
1361_Life,male,smoker,34,480000
1362_Life,female,nonsmoker,40,840000
1363_Life,female,smoker,29,490000
1364_Life,male,nonsmoker,39,478000
1365_Life,male,nonsmoker,30,487000
1366_Life,female,nonsmoker,28,456000
1367_Life,female,nonsmoker,51,63000
1368_Life,male,nonsmoker,34,387000
1369_Life,female,nonsmoker,31,384000
1370_Life,male,nonsmoker,36,489000
1371_Life,male,nonsmoker,33,467000
1372_Life,male,nonsmoker,38,351000
1373_Life,female,nonsmoker,37,350000
1374_Life,male,nonsmoker,39,964000
1375_Life,female,nonsmoker,38,957000
1376_Life,female,smoker,39,379000
1377_Life,male,nonsmoker,32,755000
1378_Life,female,nonsmoker,21,372000
1379_Life,female,nonsmoker,21,377000
1380_Life,female,nonsmoker,26,700000
1381_Life,male,nonsmoker,42,377000
1382_Life,male,nonsmoker,35,456000
1383_Life,female,smoker,36,147000
1384_Life,female,nonsmoker,25,351000
1385_Life,male,nonsmoker,32,450000
1386_Life,male,nonsmoker,18,115000
1387_Life,male,nonsmoker,54,336000
1388_Life,female,nonsmoker,34,835000
1389_Life,female,smoker,26,802000
1390_Life,female,nonsmoker,26,102000
1391_Life,male,smoker,31,124000
1392_Life,male,nonsmoker,50,800000
1393_Life,male,nonsmoker,45,486000
1394_Life,female,nonsmoker,22,120000
1395_Life,male,nonsmoker,28,480000
1396_Life,female,nonsmoker,26,156000
1397_Life,male,nonsmoker,41,477000
1398_Life,female,nonsmoker,41,566000
1399_Life,male,nonsmoker,38,558000
1400_Life,male,nonsmoker,36,761000
1401_Life,female,nonsmoker,28,882000
1402_Life,female,nonsmoker,31,740000
1403_Life,male,nonsmoker,30,687000
1404_Life,female,nonsmoker,33,868859
1405_Life,female,nonsmoker,20,581000
1406_Life,male,nonsmoker,22,576000
1407_Life,female,nonsmoker,32,633000
1408_Life,female,nonsmoker,30,634000
1409_Life,female,nonsmoker,29,550000
1410_Life,female,nonsmoker,26,562000
1411_Life,female,nonsmoker,39,604000
1412_Life,male,nonsmoker,25,268000
1413_Life,female,nonsmoker,24,250000
1414_Life,female,nonsmoker,38,1000000
1415_Life,male,nonsmoker,38,330000
1416_Life,male,nonsmoker,47,524466
1417_Life,male,nonsmoker,47,479000
1418_Life,female,nonsmoker,30,463000
1419_Life,male,nonsmoker,30,465000
1420_Life,female,nonsmoker,52,215000
1421_Life,male,nonsmoker,39,229000
1422_Life,male,smoker,31,200000
1423_Life,female,nonsmoker,31,479000
1424_Life,female,smoker,28,465000
1425_Life,male,nonsmoker,32,480000
1426_Life,male,nonsmoker,33,18300
1427_Life,male,nonsmoker,24,401000
1428_Life,female,nonsmoker,58,184000
1429_Life,female,nonsmoker,35,273000
1430_Life,male,nonsmoker,27,810000
1431_Life,female,nonsmoker,32,719000
1432_Life,male,smoker,34,710000
1433_Life,male,nonsmoker,36,679000
1434_Life,male,nonsmoker,30,290000
1435_Life,female,smoker,26,266000
1436_Life,female,nonsmoker,35,686000
1437_Life,female,smoker,37,232000
1438_Life,female,nonsmoker,32,470000
1439_Life,female,nonsmoker,34,350000
1440_Life,female,nonsmoker,26,469000
1441_Life,female,nonsmoker,23,488000
1442_Life,male,nonsmoker,27,510000
1443_Life,male,nonsmoker,30,580000
1444_Life,female,nonsmoker,30,1140000
1445_Life,female,smoker,45,175000
1446_Life,female,nonsmoker,47,458000
1447_Life,male,nonsmoker,31,264000
1448_Life,female,nonsmoker,33,433000
1449_Life,female,nonsmoker,35,606000
1450_Life,female,nonsmoker,31,264000
1451_Life,female,nonsmoker,53,235000
1452_Life,male,nonsmoker,28,387000
1453_Life,female,nonsmoker,27,387000
1454_Life,female,smoker,29,753000
1455_Life,female,smoker,32,751000
1456_Life,female,nonsmoker,23,298000
1457_Life,female,nonsmoker,28,620000
1458_Life,female,nonsmoker,29,627000
1459_Life,female,nonsmoker,25,367000
1460_Life,male,nonsmoker,24,390000
1461_Life,male,nonsmoker,27,478000
1462_Life,female,nonsmoker,31,475000
1463_Life,male,nonsmoker,20,558000
1464_Life,female,smoker,23,566000
1465_Life,female,smoker,43,580000
1466_Life,male,nonsmoker,26,528000
1467_Life,male,nonsmoker,41,121000
1468_Life,female,nonsmoker,40,486000
1469_Life,male,nonsmoker,39,472000
1470_Life,female,nonsmoker,58,250000
1471_Life,female,nonsmoker,29,770000
1472_Life,male,nonsmoker,30,768000
1473_Life,male,nonsmoker,38,650000
1474_Life,female,nonsmoker,29,465000
1475_Life,female,nonsmoker,30,568000
1476_Life,female,nonsmoker,35,287000
1477_Life,female,nonsmoker,36,325000
1478_Life,male,nonsmoker,27,380000
1479_Life,male,nonsmoker,31,357000
1480_Life,male,nonsmoker,60,327000
1481_Life,female,nonsmoker,45,119000
1482_Life,female,nonsmoker,50,163000
1483_Life,male,nonsmoker,24,453000
1484_Life,female,nonsmoker,54,228000
1485_Life,female,nonsmoker,51,204000
1486_Life,female,nonsmoker,46,159000
1487_Life,male,smoker,24,501000
1488_Life,male,nonsmoker,26,509000
1489_Life,female,nonsmoker,28,485000
1490_Life,female,nonsmoker,26,663000
1491_Life,female,nonsmoker,43,668000
1492_Life,male,nonsmoker,45,678000
1493_Life,male,nonsmoker,29,453000
1494_Life,female,smoker,25,476000
1495_Life,female,nonsmoker,33,713000
1496_Life,male,nonsmoker,28,550000
1497_Life,male,nonsmoker,25,510000
1498_Life,female,nonsmoker,36,1390000
1499_Life,female,nonsmoker,55,650000
1500_Life,female,nonsmoker,43,480000
1501_Life,male,nonsmoker,50,76000
1502_Life,female,smoker,44,341000
1503_Life,female,nonsmoker,36,660000
1504_Life,female,nonsmoker,33,525000
1505_Life,female,nonsmoker,29,909000
1506_Life,male,nonsmoker,54,104000
1507_Life,male,nonsmoker,43,112000
1508_Life,male,nonsmoker,23,305000
1509_Life,female,smoker,24,283000
1510_Life,female,nonsmoker,20,222000
1511_Life,female,nonsmoker,40,264404
1512_Life,male,nonsmoker,26,452000
1513_Life,male,nonsmoker,29,469000
1514_Life,male,nonsmoker,39,279000
1515_Life,male,nonsmoker,23,463000
1516_Life,female,nonsmoker,35,488000
1517_Life,female,nonsmoker,32,451000
1518_Life,female,smoker,60,48200
1519_Life,male,nonsmoker,56,45600
1520_Life,female,nonsmoker,27,455000
1521_Life,female,nonsmoker,27,477000
1522_Life,male,smoker,34,690000
1523_Life,female,nonsmoker,38,710000
1524_Life,female,nonsmoker,34,715000
1525_Life,female,smoker,33,569000
1526_Life,male,nonsmoker,32,569000
1527_Life,male,nonsmoker,31,345500
1528_Life,female,nonsmoker,33,366500
1529_Life,male,nonsmoker,46,369000
1530_Life,female,nonsmoker,44,82000
1531_Life,female,nonsmoker,34,784000
1532_Life,male,nonsmoker,30,327000
1533_Life,female,nonsmoker,30,813000
1534_Life,female,nonsmoker,25,155000
1535_Life,male,nonsmoker,27,187000
1536_Life,female,nonsmoker,49,385000
1537_Life,male,nonsmoker,35,588000
1538_Life,female,nonsmoker,46,151000
1539_Life,male,nonsmoker,31,583000
1540_Life,female,nonsmoker,28,664000
1541_Life,male,nonsmoker,24,287000
1542_Life,female,nonsmoker,29,260000
1543_Life,female,nonsmoker,35,259000
1544_Life,male,nonsmoker,31,260000
1545_Life,female,nonsmoker,23,104000
1546_Life,female,nonsmoker,26,481275
1547_Life,male,nonsmoker,26,470275
1548_Life,male,nonsmoker,25,262000
1549_Life,female,smoker,26,275000
1550_Life,male,nonsmoker,27,711000
1551_Life,female,nonsmoker,38,96252
1552_Life,male,nonsmoker,29,472000
1553_Life,male,nonsmoker,34,480000
1554_Life,male,nonsmoker,47,222000
1555_Life,male,nonsmoker,54,587000
1556_Life,female,nonsmoker,25,422000
1557_Life,female,nonsmoker,30,437000
1558_Life,female,nonsmoker,26,471000
1559_Life,male,nonsmoker,29,470000
1560_Life,female,nonsmoker,26,666000
1561_Life,male,nonsmoker,26,671000
1562_Life,male,nonsmoker,25,730000
1563_Life,female,nonsmoker,29,218000
1564_Life,female,nonsmoker,34,470000
1565_Life,female,nonsmoker,32,475000
1566_Life,male,nonsmoker,36,483000
1567_Life,male,nonsmoker,30,721000
1568_Life,female,nonsmoker,32,720000
1569_Life,female,nonsmoker,35,759000
1570_Life,male,nonsmoker,39,381000
1571_Life,male,nonsmoker,30,524000
1572_Life,male,nonsmoker,45,628000
1573_Life,male,nonsmoker,39,270500
1574_Life,female,nonsmoker,27,473000
1575_Life,male,nonsmoker,27,583211
1576_Life,female,smoker,26,662536
1577_Life,female,nonsmoker,49,382000
1578_Life,male,nonsmoker,36,483000
1579_Life,female,smoker,43,860000
1580_Life,male,nonsmoker,42,254669
1581_Life,female,nonsmoker,39,473000
1582_Life,male,nonsmoker,40,196535
1583_Life,female,nonsmoker,34,240000
1584_Life,male,nonsmoker,51,380000
1585_Life,female,nonsmoker,25,475000
1586_Life,female,nonsmoker,30,477000
1587_Life,male,nonsmoker,41,451000
1588_Life,male,nonsmoker,55,164000
1589_Life,male,nonsmoker,57,185000
1590_Life,male,nonsmoker,27,477000
1591_Life,female,nonsmoker,29,455000
1592_Life,female,smoker,31,458000
1593_Life,female,nonsmoker,33,475000
1594_Life,male,nonsmoker,26,305000
1595_Life,male,nonsmoker,45,478000
1596_Life,female,nonsmoker,49,468000
1597_Life,male,nonsmoker,38,470000
1598_Life,male,nonsmoker,29,406862
1599_Life,female,smoker,37,624493
1600_Life,male,nonsmoker,55,715000
1601_Life,male,nonsmoker,45,650000
1602_Life,male,nonsmoker,25,905395
1603_Life,female,nonsmoker,24,797406
1604_Life,male,nonsmoker,30,139000
1605_Life,female,nonsmoker,58,161000
1606_Life,male,nonsmoker,31,454000
1607_Life,female,nonsmoker,31,489000
1608_Life,female,nonsmoker,37,463000
1609_Life,female,nonsmoker,35,483000
1610_Life,female,nonsmoker,31,477200
1611_Life,female,smoker,26,482200
1612_Life,male,nonsmoker,45,234200
1613_Life,male,nonsmoker,48,191000
1614_Life,male,nonsmoker,37,471000
1615_Life,female,nonsmoker,34,464000
1616_Life,male,nonsmoker,38,516000
1617_Life,male,nonsmoker,35,483000
1618_Life,female,smoker,36,630000
1619_Life,female,nonsmoker,37,435000
1620_Life,male,nonsmoker,39,437000
1621_Life,male,smoker,31,601000
1622_Life,female,nonsmoker,31,388000
1623_Life,female,nonsmoker,28,477000
1624_Life,male,nonsmoker,28,450000
1625_Life,female,nonsmoker,52,486000
1626_Life,male,nonsmoker,44,530000
1627_Life,female,nonsmoker,28,498000
1628_Life,male,nonsmoker,28,499000
1629_Life,male,nonsmoker,29,365000
1630_Life,female,nonsmoker,29,756000
1631_Life,female,nonsmoker,36,776000
1632_Life,female,nonsmoker,42,75000
1633_Life,male,nonsmoker,40,160000
1634_Life,male,smoker,39,232000
1635_Life,female,nonsmoker,39,356000
1636_Life,female,nonsmoker,27,465000
1637_Life,male,nonsmoker,31,1830000
1638_Life,male,smoker,47,1520000
1639_Life,male,nonsmoker,47,82500
1640_Life,male,nonsmoker,48,60900
1641_Life,male,nonsmoker,46,232000
1642_Life,female,nonsmoker,23,484000
1643_Life,female,nonsmoker,25,489000
1644_Life,male,nonsmoker,45,561000
1645_Life,male,nonsmoker,37,838000
1646_Life,female,nonsmoker,35,540000
1647_Life,female,nonsmoker,34,402000
1648_Life,female,nonsmoker,27,416000
1649_Life,female,nonsmoker,28,583000
1650_Life,male,nonsmoker,27,610000
1651_Life,female,nonsmoker,22,461000
1652_Life,female,nonsmoker,24,685000
1653_Life,female,nonsmoker,21,661000
1654_Life,female,nonsmoker,36,452000
1655_Life,male,nonsmoker,38,182000
1656_Life,male,nonsmoker,23,453000
1657_Life,male,smoker,32,353000
1658_Life,female,nonsmoker,35,561000
1659_Life,male,nonsmoker,60,87000
1660_Life,female,nonsmoker,25,487000
1661_Life,female,smoker,36,808000
1662_Life,female,nonsmoker,48,924000
1663_Life,female,nonsmoker,22,368000
1664_Life,male,nonsmoker,33,680000
1665_Life,female,nonsmoker,26,530000
1666_Life,female,nonsmoker,32,452000
1667_Life,female,nonsmoker,32,454000
1668_Life,female,nonsmoker,24,643918
1669_Life,male,nonsmoker,24,663918
1670_Life,male,nonsmoker,52,160000
1671_Life,male,nonsmoker,49,70000
1672_Life,female,nonsmoker,29,670000
1673_Life,male,nonsmoker,30,666530
1674_Life,female,nonsmoker,24,456000
1675_Life,male,nonsmoker,33,487000
1676_Life,male,nonsmoker,28,472000
1677_Life,male,nonsmoker,34,484000
1678_Life,female,nonsmoker,33,283000
1679_Life,female,nonsmoker,41,473000
1680_Life,female,nonsmoker,36,405000
1681_Life,male,nonsmoker,31,409000
1682_Life,male,nonsmoker,40,283000
1683_Life,female,nonsmoker,42,162000
1684_Life,female,nonsmoker,59,288000
1685_Life,female,nonsmoker,52,276000
1686_Life,male,nonsmoker,41,415211
1687_Life,male,smoker,47,396211
1688_Life,female,nonsmoker,36,383000
1689_Life,female,nonsmoker,27,566000
1690_Life,male,nonsmoker,40,550000
1691_Life,male,nonsmoker,28,732000
1692_Life,male,nonsmoker,37,84000
1693_Life,female,nonsmoker,37,719000
1694_Life,female,nonsmoker,26,153000
1695_Life,male,nonsmoker,33,177000
1696_Life,male,nonsmoker,39,390000
1697_Life,male,nonsmoker,33,415000
1698_Life,female,smoker,29,431000
1699_Life,male,nonsmoker,44,223000
1700_Life,male,nonsmoker,39,209000
1701_Life,male,nonsmoker,34,581000
1702_Life,female,nonsmoker,28,569000
1703_Life,female,nonsmoker,24,358000
1704_Life,male,smoker,23,366000
1705_Life,female,nonsmoker,40,651950
1706_Life,female,nonsmoker,29,626000
1707_Life,male,nonsmoker,56,270000
1708_Life,male,nonsmoker,56,292000
1709_Life,female,nonsmoker,29,499000
1710_Life,male,nonsmoker,28,519000
1711_Life,female,smoker,29,469000
1712_Life,male,smoker,35,703000
1713_Life,male,nonsmoker,48,153000
1714_Life,female,nonsmoker,47,160000
1715_Life,female,nonsmoker,47,469000
1716_Life,male,nonsmoker,35,772633
1717_Life,female,nonsmoker,36,389519
1718_Life,male,nonsmoker,39,744000
1719_Life,female,nonsmoker,27,682000
1720_Life,female,nonsmoker,35,674000
1721_Life,male,nonsmoker,44,369000
1722_Life,female,nonsmoker,32,239000
1723_Life,female,nonsmoker,46,486000
1724_Life,male,nonsmoker,44,465000
1725_Life,male,nonsmoker,24,482000
1726_Life,female,nonsmoker,23,481000
1727_Life,female,nonsmoker,28,529766
1728_Life,male,nonsmoker,32,944081
1729_Life,male,nonsmoker,27,930081
1730_Life,female,nonsmoker,31,327538
1731_Life,male,nonsmoker,29,314538
1732_Life,male,nonsmoker,40,176000
1733_Life,female,nonsmoker,22,376000
1734_Life,male,nonsmoker,38,385000
1735_Life,male,nonsmoker,49,95000
1736_Life,female,nonsmoker,28,465000
1737_Life,female,smoker,41,397721
1738_Life,male,nonsmoker,39,388721
1739_Life,male,nonsmoker,44,320000
1740_Life,female,nonsmoker,41,262000
1741_Life,female,nonsmoker,37,454000
1742_Life,male,nonsmoker,35,484000
1743_Life,female,nonsmoker,40,750000
1744_Life,female,nonsmoker,48,853000
1745_Life,male,smoker,18,46400
1746_Life,female,nonsmoker,44,690000
1747_Life,male,smoker,35,780000
1748_Life,male,nonsmoker,37,680000
1749_Life,male,nonsmoker,34,258000
1750_Life,male,smoker,34,286000
1751_Life,female,nonsmoker,31,486000
1752_Life,male,nonsmoker,31,467000
1753_Life,male,smoker,40,200000
1754_Life,male,nonsmoker,39,481000
1755_Life,female,smoker,38,557000
1756_Life,male,nonsmoker,33,584000
1757_Life,female,nonsmoker,46,570000
1758_Life,male,nonsmoker,38,62000
1759_Life,female,smoker,42,87000
1760_Life,male,nonsmoker,45,475000
1761_Life,male,nonsmoker,42,460000
1762_Life,male,nonsmoker,49,167000
1763_Life,female,nonsmoker,53,172000
1764_Life,female,nonsmoker,27,274000
1765_Life,female,nonsmoker,23,369000
1766_Life,female,smoker,29,283000
1767_Life,male,smoker,40,287000
1768_Life,female,nonsmoker,47,228000
1769_Life,male,nonsmoker,50,928500
1770_Life,female,smoker,33,890000
1771_Life,male,nonsmoker,35,290000
1772_Life,female,nonsmoker,33,280000
1773_Life,male,nonsmoker,34,366000
1774_Life,female,nonsmoker,41,378000
1775_Life,male,nonsmoker,41,272000
1776_Life,female,nonsmoker,27,475000
1777_Life,male,nonsmoker,30,624000
1778_Life,female,nonsmoker,40,475000
1779_Life,male,nonsmoker,40,467000
1780_Life,male,smoker,40,68000
1781_Life,male,smoker,54,163000
1782_Life,female,nonsmoker,49,634022
1783_Life,male,smoker,22,65200
1784_Life,female,nonsmoker,29,460000
1785_Life,male,nonsmoker,25,451000
1786_Life,male,nonsmoker,26,689000
1787_Life,female,smoker,25,488000
1788_Life,female,nonsmoker,41,431147
1789_Life,female,nonsmoker,42,422147
1790_Life,male,nonsmoker,33,213000
1791_Life,male,smoker,35,221000
1792_Life,female,nonsmoker,57,59000
1793_Life,female,nonsmoker,33,359000
1794_Life,male,nonsmoker,18,27700
1795_Life,female,smoker,41,360000
1796_Life,male,nonsmoker,46,255000
1797_Life,male,nonsmoker,58,260000
1798_Life,male,nonsmoker,29,412000
1799_Life,male,nonsmoker,24,425000
1800_Life,male,nonsmoker,33,830000
1801_Life,male,nonsmoker,34,670000
1802_Life,male,nonsmoker,29,790000
1803_Life,male,nonsmoker,30,473000
1804_Life,female,nonsmoker,53,462000
1805_Life,male,smoker,57,263000
1806_Life,female,nonsmoker,26,431000
1807_Life,female,nonsmoker,31,414000
1808_Life,male,nonsmoker,27,389676
1809_Life,female,nonsmoker,24,167547
1810_Life,male,nonsmoker,36,537000
1811_Life,male,smoker,36,258000
1812_Life,female,nonsmoker,40,261000
1813_Life,female,nonsmoker,40,465000
1814_Life,female,nonsmoker,38,478000
1815_Life,male,nonsmoker,31,554000
1816_Life,female,nonsmoker,48,470000
1817_Life,male,nonsmoker,31,82000
1818_Life,female,nonsmoker,51,68000
1819_Life,male,nonsmoker,47,65900
1820_Life,female,nonsmoker,30,475000
1821_Life,male,nonsmoker,26,456000
1822_Life,male,smoker,38,655000
1823_Life,male,nonsmoker,35,955000
1824_Life,female,nonsmoker,24,487000
1825_Life,male,nonsmoker,25,487000
1826_Life,male,nonsmoker,28,830000
1827_Life,female,nonsmoker,43,140000
1828_Life,female,nonsmoker,41,116000
1829_Life,male,smoker,22,263000
1830_Life,female,nonsmoker,30,486956
1831_Life,male,nonsmoker,24,371000
1832_Life,female,nonsmoker,31,940000
1833_Life,male,nonsmoker,33,750000
1834_Life,female,nonsmoker,25,594000
1835_Life,male,nonsmoker,28,569000
1836_Life,male,nonsmoker,33,720000
1837_Life,female,nonsmoker,42,620000
1838_Life,male,nonsmoker,32,225000
1839_Life,male,nonsmoker,41,850000
1840_Life,male,nonsmoker,31,274000
1841_Life,male,nonsmoker,28,271000
1842_Life,male,nonsmoker,32,287000
1843_Life,female,nonsmoker,37,25400
1844_Life,male,nonsmoker,46,852000
1845_Life,male,nonsmoker,39,861000
1846_Life,male,nonsmoker,46,170000
1847_Life,male,nonsmoker,46,93000
1848_Life,male,nonsmoker,28,266000
1849_Life,male,smoker,33,379000
1850_Life,male,nonsmoker,34,800000
1851_Life,female,nonsmoker,25,418000
1852_Life,male,nonsmoker,22,430000
1853_Life,male,nonsmoker,27,484000
1854_Life,female,nonsmoker,26,463000
1855_Life,male,nonsmoker,22,161546
1856_Life,female,nonsmoker,23,495915
1857_Life,male,nonsmoker,39,480000
1858_Life,male,nonsmoker,35,458000
1859_Life,male,nonsmoker,33,775000
1860_Life,female,nonsmoker,32,454000
1861_Life,male,nonsmoker,47,486000
1862_Life,male,nonsmoker,26,470000
1863_Life,female,nonsmoker,28,464000
1864_Life,female,nonsmoker,37,458000
1865_Life,male,nonsmoker,38,121000
1866_Life,male,nonsmoker,40,127000
1867_Life,female,nonsmoker,44,550000
1868_Life,male,nonsmoker,51,515000
1869_Life,male,nonsmoker,29,581000
1870_Life,female,nonsmoker,26,559000
1871_Life,male,nonsmoker,29,477000
1872_Life,female,nonsmoker,30,464000
1873_Life,male,nonsmoker,28,411601
1874_Life,female,nonsmoker,26,387601
1875_Life,female,nonsmoker,36,149000
1876_Life,male,nonsmoker,34,246000
1877_Life,female,nonsmoker,32,230000
1878_Life,male,nonsmoker,28,228000
1879_Life,male,nonsmoker,29,489000
1880_Life,female,nonsmoker,24,464000
1881_Life,female,nonsmoker,24,46898
1882_Life,male,nonsmoker,33,855000
1883_Life,male,smoker,30,674000
1884_Life,male,nonsmoker,27,484000
1885_Life,female,nonsmoker,33,567000
1886_Life,female,nonsmoker,31,315000
1887_Life,female,nonsmoker,32,310000
1888_Life,female,smoker,55,470000
1889_Life,female,nonsmoker,57,153000
1890_Life,female,nonsmoker,34,83625
1891_Life,male,nonsmoker,58,358000
1892_Life,female,nonsmoker,28,703000
1893_Life,male,nonsmoker,28,740000
1894_Life,female,nonsmoker,24,197000
1895_Life,female,nonsmoker,22,231000
1896_Life,female,nonsmoker,54,61000
1897_Life,male,nonsmoker,30,681000
1898_Life,female,nonsmoker,31,652000
1899_Life,male,nonsmoker,30,316000
1900_Life,male,nonsmoker,31,628000
1901_Life,female,nonsmoker,26,423000
1902_Life,male,nonsmoker,29,451000
1903_Life,male,nonsmoker,28,460000
1904_Life,male,smoker,33,1130000
1905_Life,female,nonsmoker,34,493000
1906_Life,male,smoker,25,467000
1907_Life,male,nonsmoker,39,251000
1908_Life,female,nonsmoker,17,258000
1909_Life,female,smoker,48,679000
1910_Life,male,nonsmoker,41,675000
1911_Life,male,nonsmoker,31,467000
1912_Life,female,nonsmoker,30,456000
1913_Life,male,smoker,35,132000
1914_Life,female,nonsmoker,39,128000
1915_Life,female,nonsmoker,25,423041
1916_Life,female,nonsmoker,45,1390000
1917_Life,male,nonsmoker,40,403000
1918_Life,male,nonsmoker,39,166000
1919_Life,male,smoker,42,489000
1920_Life,male,nonsmoker,54,800000
1921_Life,male,nonsmoker,33,486000
1922_Life,male,nonsmoker,40,575000
1923_Life,female,nonsmoker,30,52000
1924_Life,female,nonsmoker,40,89000
1925_Life,female,nonsmoker,30,638000
1926_Life,female,nonsmoker,30,629000
1927_Life,female,nonsmoker,32,64294
1928_Life,male,nonsmoker,33,799694
1929_Life,male,nonsmoker,30,2640000
1930_Life,male,nonsmoker,41,86000
1931_Life,male,nonsmoker,33,76000
1932_Life,female,nonsmoker,41,706000
1933_Life,male,nonsmoker,37,730000
1934_Life,female,nonsmoker,27,532000
1935_Life,male,smoker,20,537000
1936_Life,female,nonsmoker,36,450000
1937_Life,female,nonsmoker,30,486000
1938_Life,female,nonsmoker,50,1730000
1939_Life,female,nonsmoker,30,1230000
1940_Life,male,nonsmoker,60,27600
1941_Life,male,nonsmoker,21,170000
1942_Life,male,nonsmoker,27,390000
1943_Life,female,smoker,20,387000
1944_Life,male,nonsmoker,31,681000
1945_Life,female,nonsmoker,30,682000
1946_Life,male,nonsmoker,26,669000
1947_Life,male,nonsmoker,44,469000
1948_Life,female,nonsmoker,47,488000
1949_Life,female,nonsmoker,22,500216
1950_Life,female,nonsmoker,18,387678
1951_Life,male,nonsmoker,31,690000
1952_Life,male,nonsmoker,16,451000
1953_Life,male,nonsmoker,29,450000
1954_Life,male,nonsmoker,29,464000
1955_Life,female,nonsmoker,53,46000
1956_Life,female,nonsmoker,38,47500
1957_Life,female,nonsmoker,23,457000
1958_Life,male,nonsmoker,28,487000
1959_Life,male,nonsmoker,22,266000
1960_Life,male,smoker,21,280000
1961_Life,male,nonsmoker,36,389000
1962_Life,female,smoker,23,88000
1963_Life,female,nonsmoker,35,281000
1964_Life,male,smoker,31,290000
1965_Life,male,nonsmoker,22,620000
1966_Life,female,nonsmoker,19,612000
1967_Life,male,nonsmoker,23,227000
1968_Life,female,smoker,25,577000
1969_Life,female,nonsmoker,30,589000
1970_Life,female,nonsmoker,33,704000
1971_Life,male,nonsmoker,34,354000
1972_Life,female,nonsmoker,28,357000
1973_Life,male,nonsmoker,24,601776
1974_Life,female,smoker,24,230086
1975_Life,female,nonsmoker,49,321000
1976_Life,male,nonsmoker,23,937400
1977_Life,female,smoker,29,908400
1978_Life,female,nonsmoker,29,464000
1979_Life,female,nonsmoker,45,174000
1980_Life,male,nonsmoker,47,187000
1981_Life,male,nonsmoker,42,550000
1982_Life,female,smoker,54,85000
1983_Life,male,nonsmoker,21,181000
1984_Life,male,nonsmoker,22,186000
1985_Life,female,smoker,25,394000
1986_Life,female,smoker,36,457000
1987_Life,male,nonsmoker,44,770000
1988_Life,male,nonsmoker,35,586000
1989_Life,female,nonsmoker,51,611000
1990_Life,male,nonsmoker,35,372000
1991_Life,male,nonsmoker,31,355000
1992_Life,female,smoker,23,482000
1993_Life,female,nonsmoker,27,453000
1994_Life,female,nonsmoker,37,722000
1995_Life,female,nonsmoker,38,213000
1996_Life,female,nonsmoker,21,463000
1997_Life,female,nonsmoker,21,483000
1998_Life,male,nonsmoker,25,426000
1999_Life,male,nonsmoker,29,424000
2000_Life,male,nonsmoker,54,304000
2001_Life,female,nonsmoker,55,1230000
2002_Life,male,nonsmoker,43,586000
2003_Life,male,nonsmoker,35,606000
2004_Life,female,nonsmoker,39,661000
2005_Life,female,nonsmoker,38,687000
2006_Life,female,nonsmoker,45,214000
2007_Life,male,nonsmoker,34,238000
2008_Life,male,nonsmoker,48,379000
2009_Life,female,nonsmoker,57,70000
2010_Life,female,nonsmoker,33,218000
2011_Life,male,nonsmoker,53,468000
2012_Life,female,nonsmoker,35,500000
2013_Life,male,nonsmoker,35,475000
2014_Life,female,nonsmoker,37,473000
2015_Life,male,nonsmoker,34,467000
2016_Life,male,nonsmoker,38,486000
2017_Life,female,nonsmoker,34,276000
2018_Life,male,smoker,28,213000
2019_Life,female,nonsmoker,27,410000
2020_Life,male,nonsmoker,29,461000
2021_Life,female,nonsmoker,33,687000
2022_Life,male,nonsmoker,27,461000
2023_Life,female,nonsmoker,30,276000
2024_Life,female,nonsmoker,36,268000
2025_Life,female,nonsmoker,46,252000
2026_Life,female,nonsmoker,28,480000
2027_Life,female,smoker,28,80000
2028_Life,male,nonsmoker,38,205000
2029_Life,female,nonsmoker,33,210000
2030_Life,female,nonsmoker,26,670000
2031_Life,female,smoker,28,487000
2032_Life,male,nonsmoker,28,469000
2033_Life,male,nonsmoker,23,380000
2034_Life,male,nonsmoker,45,86000
2035_Life,female,nonsmoker,46,66000
2036_Life,male,nonsmoker,33,773000
2037_Life,female,nonsmoker,34,686000
2038_Life,female,nonsmoker,36,373000
2039_Life,female,nonsmoker,47,205492
2040_Life,male,nonsmoker,49,2780000
2041_Life,male,smoker,36,800000
2042_Life,female,smoker,31,732000
2043_Life,male,nonsmoker,33,538000
2044_Life,female,nonsmoker,47,307000
2045_Life,female,nonsmoker,34,149700
2046_Life,female,nonsmoker,34,140700
2047_Life,male,smoker,28,216000
2048_Life,female,nonsmoker,25,235000
2049_Life,female,nonsmoker,31,385000
2050_Life,female,nonsmoker,33,389000
2051_Life,male,nonsmoker,29,395000
2052_Life,female,nonsmoker,32,45600
2053_Life,female,nonsmoker,31,47100
2054_Life,male,nonsmoker,23,453000
2055_Life,female,nonsmoker,52,16100
2056_Life,female,nonsmoker,46,475000
2057_Life,male,nonsmoker,43,285000
2058_Life,female,nonsmoker,31,470000
2059_Life,male,nonsmoker,43,156000
2060_Life,male,nonsmoker,36,281000
2061_Life,male,nonsmoker,36,285000
2062_Life,female,nonsmoker,19,310000
2063_Life,female,nonsmoker,21,319000
2064_Life,male,nonsmoker,25,860000
2065_Life,female,nonsmoker,17,359835
2066_Life,female,smoker,19,378835
2067_Life,male,nonsmoker,44,160000
2068_Life,female,nonsmoker,30,73000
2069_Life,female,nonsmoker,31,67000
2070_Life,female,nonsmoker,39,700000
2071_Life,male,nonsmoker,31,730000
2072_Life,female,nonsmoker,36,780000
2073_Life,female,nonsmoker,47,701512
2074_Life,female,smoker,45,115329
2075_Life,male,nonsmoker,23,453000
2076_Life,female,nonsmoker,33,762000
2077_Life,male,nonsmoker,23,538000
2078_Life,female,nonsmoker,58,260000
2079_Life,female,nonsmoker,39,786000
2080_Life,male,nonsmoker,38,352000
2081_Life,male,nonsmoker,37,61500
2082_Life,female,nonsmoker,36,455000
2083_Life,female,nonsmoker,48,56487
2084_Life,female,nonsmoker,29,471000
2085_Life,male,nonsmoker,28,228000
2086_Life,male,nonsmoker,23,186000
2087_Life,male,nonsmoker,45,198000
2088_Life,male,nonsmoker,31,382000
2089_Life,female,nonsmoker,28,451000
2090_Life,female,nonsmoker,22,729000
2091_Life,female,nonsmoker,22,413000
2092_Life,male,nonsmoker,31,770000
2093_Life,female,nonsmoker,35,471000
2094_Life,female,nonsmoker,32,456000
2095_Life,male,nonsmoker,22,400000
2096_Life,female,nonsmoker,23,159000
2097_Life,male,nonsmoker,37,730000
2098_Life,male,nonsmoker,39,487000
2099_Life,male,smoker,32,453000
2100_Life,female,nonsmoker,42,656000
2101_Life,male,nonsmoker,40,458000
2102_Life,male,nonsmoker,53,758000
2103_Life,male,nonsmoker,32,462000
2104_Life,male,nonsmoker,25,466000
2105_Life,male,nonsmoker,25,650000
2106_Life,female,nonsmoker,41,47000
2107_Life,female,nonsmoker,53,183000
2108_Life,female,nonsmoker,52,205914
2109_Life,male,nonsmoker,49,462000
2110_Life,female,nonsmoker,20,456000
2111_Life,female,nonsmoker,20,451000
2112_Life,female,nonsmoker,58,384000
2113_Life,male,nonsmoker,34,486000
2114_Life,female,smoker,32,489000
2115_Life,male,nonsmoker,29,493019
2116_Life,male,nonsmoker,32,463019
2117_Life,female,nonsmoker,32,192000
2118_Life,male,nonsmoker,20,282000
2119_Life,female,nonsmoker,23,588000
2120_Life,male,nonsmoker,31,481000
2121_Life,male,nonsmoker,29,455000
2122_Life,female,nonsmoker,35,531000
2123_Life,male,nonsmoker,32,528000
2124_Life,male,nonsmoker,64,166772
2125_Life,male,nonsmoker,22,387000
2126_Life,male,nonsmoker,20,394000
2127_Life,female,smoker,35,471000
2128_Life,male,nonsmoker,39,463000
2129_Life,male,nonsmoker,56,376000
2130_Life,male,smoker,42,588000
2131_Life,male,nonsmoker,43,747824
2132_Life,male,nonsmoker,47,432141
2133_Life,female,nonsmoker,38,722000
2134_Life,male,nonsmoker,55,572000
2135_Life,male,nonsmoker,42,573000
2136_Life,female,smoker,22,294000
2137_Life,male,nonsmoker,31,886000
2138_Life,female,nonsmoker,30,589000
2139_Life,male,nonsmoker,27,456000
2140_Life,female,nonsmoker,26,450000
2141_Life,female,nonsmoker,32,404000
2142_Life,female,smoker,32,428000
2143_Life,male,smoker,33,467000
2144_Life,female,nonsmoker,26,189000
2145_Life,female,nonsmoker,31,188000
2146_Life,female,smoker,33,770000
2147_Life,male,nonsmoker,26,820000
2148_Life,female,nonsmoker,32,383000
2149_Life,female,nonsmoker,42,481000
2150_Life,female,nonsmoker,50,250000
2151_Life,male,nonsmoker,38,1160000
2152_Life,male,nonsmoker,38,283000
2153_Life,female,nonsmoker,45,213000
2154_Life,male,nonsmoker,47,240000
2155_Life,female,nonsmoker,50,332000
2156_Life,female,nonsmoker,52,550000
2157_Life,female,nonsmoker,47,290000
2158_Life,female,nonsmoker,38,56800
2159_Life,male,nonsmoker,45,470000
2160_Life,male,nonsmoker,27,229000
2161_Life,female,nonsmoker,28,200000
2162_Life,female,smoker,17,228000
2163_Life,female,nonsmoker,28,82000
2164_Life,female,nonsmoker,21,94000
2165_Life,female,nonsmoker,32,720000
2166_Life,female,nonsmoker,30,460000
2167_Life,male,nonsmoker,41,261000
2168_Life,male,nonsmoker,32,283000
2169_Life,female,nonsmoker,36,302000
2170_Life,male,nonsmoker,40,303000
2171_Life,male,nonsmoker,39,332000
2172_Life,female,nonsmoker,38,113000
2173_Life,female,nonsmoker,33,557657
2174_Life,female,smoker,29,567657
2175_Life,male,nonsmoker,39,489367
2176_Life,female,smoker,34,1900000
2177_Life,female,smoker,34,820000
2178_Life,female,nonsmoker,27,208000
2179_Life,female,nonsmoker,21,276000
2180_Life,female,nonsmoker,23,179000
2181_Life,female,nonsmoker,29,900000
2182_Life,female,nonsmoker,25,206000
2183_Life,male,nonsmoker,29,216000
2184_Life,male,nonsmoker,31,367000
2185_Life,female,nonsmoker,32,364000
2186_Life,female,smoker,53,558000
2187_Life,male,nonsmoker,27,466000
2188_Life,male,nonsmoker,28,482000
2189_Life,male,nonsmoker,56,157000
2190_Life,female,smoker,25,354000
2191_Life,female,nonsmoker,22,365000
2192_Life,male,nonsmoker,27,280000
2193_Life,female,nonsmoker,27,276000
2194_Life,female,nonsmoker,40,159000
2195_Life,male,nonsmoker,34,475000
2196_Life,male,smoker,53,486000
2197_Life,female,nonsmoker,35,232000
2198_Life,male,nonsmoker,30,225000
2199_Life,male,nonsmoker,23,413000
2200_Life,female,nonsmoker,28,421000
2201_Life,female,nonsmoker,34,429000
2202_Life,female,nonsmoker,38,267000
2203_Life,male,nonsmoker,33,283000
2204_Life,female,nonsmoker,34,470000
2205_Life,female,nonsmoker,24,273000
2206_Life,female,nonsmoker,37,171000
2207_Life,female,nonsmoker,27,984000
2208_Life,female,nonsmoker,25,951000
2209_Life,female,nonsmoker,26,264000
2210_Life,female,nonsmoker,27,276000
2211_Life,female,nonsmoker,33,497582
2212_Life,female,nonsmoker,26,477584
2213_Life,male,nonsmoker,50,177000
2214_Life,female,nonsmoker,52,480000
2215_Life,male,nonsmoker,23,202000
2216_Life,male,nonsmoker,23,72000
2217_Life,female,nonsmoker,32,703000
2218_Life,female,nonsmoker,25,727000
2219_Life,female,nonsmoker,29,454000
2220_Life,male,smoker,28,470000
2221_Life,female,nonsmoker,21,328250
2222_Life,female,nonsmoker,30,255000
2223_Life,female,smoker,25,309000
2224_Life,male,smoker,23,513000
2225_Life,male,nonsmoker,31,411000
2226_Life,female,nonsmoker,26,419000
2227_Life,male,nonsmoker,27,630000
2228_Life,female,nonsmoker,49,296000
2229_Life,female,nonsmoker,49,178000
2230_Life,male,nonsmoker,51,104454
2231_Life,female,smoker,36,280000
2232_Life,male,nonsmoker,24,267000
2233_Life,male,nonsmoker,31,733000
2234_Life,female,nonsmoker,30,863000
2235_Life,male,smoker,27,843000
2236_Life,male,smoker,33,736000
2237_Life,male,nonsmoker,36,715000
2238_Life,female,nonsmoker,29,472000
2239_Life,female,nonsmoker,28,467000
2240_Life,male,nonsmoker,30,653000
2241_Life,female,nonsmoker,27,675000
2242_Life,female,smoker,32,285000
2243_Life,male,nonsmoker,36,284000
2244_Life,female,nonsmoker,27,111742
2245_Life,male,nonsmoker,29,264365
2246_Life,male,nonsmoker,59,388000
2247_Life,female,nonsmoker,31,238000
2248_Life,female,nonsmoker,25,213000
2249_Life,female,nonsmoker,39,242000
2250_Life,female,nonsmoker,37,257000
2251_Life,male,nonsmoker,52,168694
2252_Life,female,nonsmoker,48,188000
2253_Life,female,nonsmoker,30,590153
2254_Life,male,nonsmoker,30,608752
2255_Life,female,nonsmoker,47,288000
2256_Life,female,nonsmoker,45,610000
2257_Life,female,nonsmoker,40,624000
2258_Life,male,nonsmoker,39,468000
2259_Life,male,nonsmoker,34,178000
2260_Life,female,nonsmoker,31,464000
2261_Life,female,nonsmoker,30,457000
2262_Life,female,nonsmoker,33,480000
2263_Life,female,nonsmoker,36,669109
2264_Life,male,nonsmoker,26,83000
2265_Life,female,nonsmoker,51,275000
2266_Life,female,nonsmoker,47,268000
2267_Life,male,nonsmoker,21,460000
2268_Life,male,smoker,34,367000
2269_Life,male,nonsmoker,35,300000
2270_Life,male,nonsmoker,34,333000
2271_Life,female,nonsmoker,32,880000
2272_Life,male,smoker,41,231000
2273_Life,female,nonsmoker,39,550000
2274_Life,female,smoker,28,450457
2275_Life,female,nonsmoker,49,353000
2276_Life,male,nonsmoker,48,386000
2277_Life,female,nonsmoker,47,403000
2278_Life,female,nonsmoker,52,661000
2279_Life,female,nonsmoker,32,454000
2280_Life,female,smoker,36,451000
2281_Life,female,nonsmoker,26,367000
2282_Life,female,nonsmoker,39,264000
2283_Life,female,nonsmoker,32,250000
2284_Life,male,nonsmoker,28,712000
2285_Life,male,nonsmoker,30,701000
2286_Life,male,nonsmoker,26,480000
2287_Life,female,nonsmoker,36,830000
2288_Life,female,smoker,35,1070000
2289_Life,male,nonsmoker,33,482000
2290_Life,female,nonsmoker,44,607000
2291_Life,female,nonsmoker,45,624000
2292_Life,male,nonsmoker,31,589000
2293_Life,female,smoker,26,593000
2294_Life,female,smoker,29,439706
2295_Life,female,nonsmoker,27,273000
2296_Life,female,nonsmoker,21,279000
2297_Life,female,nonsmoker,40,366000
2298_Life,female,nonsmoker,35,355000
2299_Life,male,nonsmoker,44,83000
2300_Life,male,nonsmoker,30,290000
2301_Life,female,nonsmoker,26,278000
2302_Life,female,nonsmoker,41,605000
2303_Life,male,nonsmoker,23,774000
2304_Life,female,nonsmoker,23,772000
2305_Life,female,nonsmoker,29,536000
2306_Life,male,nonsmoker,33,500000
2307_Life,female,nonsmoker,29,590000
2308_Life,female,nonsmoker,28,555000
2309_Life,male,nonsmoker,27,489000
2310_Life,male,nonsmoker,26,475000
2311_Life,female,nonsmoker,29,469000
2312_Life,female,nonsmoker,29,456000
2313_Life,female,nonsmoker,38,631000
2314_Life,female,nonsmoker,39,628000
2315_Life,male,nonsmoker,34,731354
2316_Life,male,nonsmoker,34,473000
2317_Life,male,nonsmoker,45,482000
2318_Life,female,smoker,34,783000
2319_Life,male,nonsmoker,32,439000
2320_Life,female,nonsmoker,33,332000
2321_Life,male,nonsmoker,38,366000
2322_Life,female,nonsmoker,34,505000
2323_Life,female,smoker,41,501000
2324_Life,male,nonsmoker,28,880000
2325_Life,male,nonsmoker,28,480000
2326_Life,female,nonsmoker,42,262000
2327_Life,male,nonsmoker,40,215542
2328_Life,female,smoker,39,251000
2329_Life,female,nonsmoker,35,685000
2330_Life,female,nonsmoker,36,670000
2331_Life,female,nonsmoker,34,572000
2332_Life,female,nonsmoker,30,280000
2333_Life,male,smoker,36,740000
2334_Life,male,nonsmoker,34,476000
2335_Life,male,nonsmoker,39,456000
2336_Life,male,smoker,37,470000
2337_Life,female,smoker,35,415000
2338_Life,female,smoker,32,205000
2339_Life,female,smoker,34,213000
2340_Life,female,nonsmoker,30,120000
2341_Life,female,nonsmoker,26,341753
2342_Life,female,nonsmoker,36,678000
2343_Life,female,nonsmoker,32,736000
2344_Life,male,nonsmoker,29,661000
2345_Life,male,nonsmoker,22,566400
2346_Life,male,smoker,24,551400
2347_Life,female,nonsmoker,32,328000
2348_Life,female,nonsmoker,25,637000
2349_Life,female,smoker,24,385000
2350_Life,female,smoker,50,139000
2351_Life,male,nonsmoker,55,440000
2352_Life,male,nonsmoker,37,451000
2353_Life,female,nonsmoker,50,144000
2354_Life,male,nonsmoker,46,457000
2355_Life,female,nonsmoker,42,285000
2356_Life,male,nonsmoker,36,116000
2357_Life,female,nonsmoker,39,129000
2358_Life,female,nonsmoker,40,570000
2359_Life,female,nonsmoker,22,277000
2360_Life,female,nonsmoker,19,269000
2361_Life,female,nonsmoker,48,618000
2362_Life,female,nonsmoker,29,454000
2363_Life,female,nonsmoker,25,472000
2364_Life,male,nonsmoker,29,483000
2365_Life,male,nonsmoker,29,492000
2366_Life,male,nonsmoker,52,183000
2367_Life,female,nonsmoker,40,279000
2368_Life,female,nonsmoker,41,272000
2369_Life,female,nonsmoker,30,279000
2370_Life,female,smoker,23,397200
2371_Life,female,nonsmoker,20,375200
2372_Life,female,smoker,26,190000
2373_Life,female,smoker,24,164000
2374_Life,male,nonsmoker,27,490000
2375_Life,female,smoker,54,273000
2376_Life,male,nonsmoker,51,285000
2377_Life,male,nonsmoker,37,367000
2378_Life,male,nonsmoker,31,357000
2379_Life,male,nonsmoker,36,74100
2380_Life,female,nonsmoker,34,74000
2381_Life,female,smoker,23,49000
2382_Life,male,smoker,47,165000
2383_Life,female,nonsmoker,25,520000
2384_Life,female,nonsmoker,28,689000
2385_Life,male,nonsmoker,27,690000
2386_Life,male,nonsmoker,48,661000
2387_Life,male,nonsmoker,43,431000
2388_Life,female,nonsmoker,29,552000
2389_Life,male,nonsmoker,29,489000
2390_Life,female,nonsmoker,25,371000
2391_Life,female,nonsmoker,32,368000
2392_Life,female,nonsmoker,43,279000
2393_Life,female,nonsmoker,41,250000
2394_Life,female,smoker,44,274000
2395_Life,male,nonsmoker,37,251000
2396_Life,male,nonsmoker,50,557000
2397_Life,male,nonsmoker,24,545845
2398_Life,male,nonsmoker,25,535845
2399_Life,female,nonsmoker,22,287000
2400_Life,female,nonsmoker,40,653000
2401_Life,male,nonsmoker,28,782000
2402_Life,male,nonsmoker,51,185000
2403_Life,female,nonsmoker,15,186000
2404_Life,female,nonsmoker,37,900000
2405_Life,male,smoker,26,690000
2406_Life,female,nonsmoker,27,204000
2407_Life,female,smoker,32,481000
2408_Life,male,nonsmoker,24,490000
2409_Life,female,nonsmoker,42,469000
2410_Life,female,nonsmoker,37,585000
2411_Life,male,nonsmoker,38,640000
2412_Life,female,nonsmoker,55,452000
2413_Life,female,nonsmoker,47,280000
2414_Life,male,nonsmoker,43,1000000
2415_Life,male,nonsmoker,31,690000
2416_Life,female,nonsmoker,27,252000
2417_Life,male,nonsmoker,57,47100
2418_Life,female,nonsmoker,34,368000
2419_Life,female,nonsmoker,30,358000
2420_Life,male,nonsmoker,27,573000
2421_Life,male,nonsmoker,28,828000
2422_Life,female,smoker,43,710000
2423_Life,female,nonsmoker,45,452000
2424_Life,female,smoker,47,478000
2425_Life,female,smoker,39,488000
2426_Life,male,nonsmoker,42,257000
2427_Life,male,nonsmoker,20,371000
2428_Life,male,smoker,25,350000
2429_Life,male,nonsmoker,40,453000
2430_Life,male,nonsmoker,34,240000
2431_Life,female,nonsmoker,31,709000
2432_Life,female,nonsmoker,29,720000
2433_Life,female,nonsmoker,26,652000
2434_Life,male,nonsmoker,28,409000
2435_Life,male,nonsmoker,59,186000
2436_Life,male,nonsmoker,34,561000
2437_Life,female,nonsmoker,33,566000
2438_Life,male,nonsmoker,55,93000
2439_Life,male,nonsmoker,31,488000
2440_Life,female,nonsmoker,34,462000
2441_Life,female,nonsmoker,24,128000
2442_Life,male,nonsmoker,20,325000
2443_Life,male,nonsmoker,64,353000
2444_Life,male,nonsmoker,39,263000
2445_Life,female,nonsmoker,42,387000
2446_Life,female,nonsmoker,25,262000
2447_Life,female,nonsmoker,30,523000
2448_Life,female,nonsmoker,30,537000
2449_Life,male,nonsmoker,54,200543
2450_Life,female,nonsmoker,34,484000
2451_Life,female,nonsmoker,40,465000
2452_Life,male,nonsmoker,55,129000
2453_Life,female,nonsmoker,48,467000
2454_Life,female,nonsmoker,38,456000
2455_Life,male,nonsmoker,30,265000
2456_Life,female,smoker,21,66000
2457_Life,male,nonsmoker,64,201000
2458_Life,male,smoker,31,451000
2459_Life,female,nonsmoker,32,284000
2460_Life,female,nonsmoker,57,690000
2461_Life,female,nonsmoker,52,56000
2462_Life,male,smoker,31,253000
2463_Life,female,nonsmoker,28,251000
2464_Life,female,nonsmoker,48,200000
2465_Life,male,nonsmoker,43,768404
2466_Life,male,nonsmoker,24,267000
2467_Life,female,nonsmoker,29,264000
2468_Life,female,nonsmoker,23,1140000
2469_Life,female,nonsmoker,32,310000
2470_Life,male,smoker,29,304000
2471_Life,male,nonsmoker,51,336000
2472_Life,male,smoker,31,81000
2473_Life,female,nonsmoker,27,440000
2474_Life,male,nonsmoker,23,428000
2475_Life,male,smoker,33,356000
2476_Life,female,smoker,38,270000
2477_Life,female,nonsmoker,27,477000
2478_Life,female,nonsmoker,31,461000
2479_Life,female,nonsmoker,40,473000
2480_Life,female,smoker,35,459000
2481_Life,female,nonsmoker,46,200000
2482_Life,male,smoker,35,598385
2483_Life,female,nonsmoker,29,323215
2484_Life,male,nonsmoker,33,341215
2485_Life,male,smoker,57,262000
2486_Life,female,nonsmoker,48,284000
2487_Life,female,nonsmoker,23,434000
2488_Life,male,nonsmoker,29,753000
2489_Life,female,nonsmoker,44,209000
2490_Life,male,nonsmoker,38,217000
2491_Life,male,nonsmoker,41,313000
2492_Life,male,nonsmoker,31,737000
2493_Life,male,nonsmoker,27,710000
2494_Life,female,nonsmoker,43,532546
2495_Life,male,nonsmoker,38,817092
2496_Life,male,nonsmoker,34,290000
2497_Life,female,nonsmoker,28,256000
2498_Life,female,nonsmoker,44,902000
2499_Life,female,nonsmoker,43,684000
2500_Life,female,nonsmoker,49,275000